Date,Open,High,Low,Close,Volume
31-12-2019,334.9,336.3,332.6,333.7,744106
30-12-2019,337.8,337.9,332.45,334.25,860732
27-12-2019,333.6,338.3,333.05,337.25,1249101
26-12-2019,333,333.2,328.05,329.85,660165
24-12-2019,332.7,334.2,329.25,331.3,750326
23-12-2019,336.7,338.7,330.4,332.35,965584
20-12-2019,328,339.55,328,337.85,1665792
19-12-2019,327,329.55,324.65,328.15,920858
18-12-2019,333.3,335.5,325.9,326.9,1025655
17-12-2019,333.5,335.65,330.75,332.85,1000883
16-12-2019,336.4,337.3,330.9,331.8,1506398
13-12-2019,325,333.55,324.85,332.7,1901460
12-12-2019,315,322.8,313.8,321.8,1340601
11-12-2019,311.75,315.6,308.1,312.7,2236411
10-12-2019,317.75,322.5,312.3,313.45,2023582
09-12-2019,320,327.5,314.8,316.75,2600500
06-12-2019,338.5,338.5,318,319.8,1895826
05-12-2019,343,344.35,335.05,336.25,1570054
04-12-2019,335.25,342.95,331.9,341.9,1135521
03-12-2019,340.2,342.75,333.5,336.2,1004987
02-12-2019,343.35,344.05,336.2,338.55,957734
29-11-2019,348.3,348.8,340.7,341.85,1626267
28-11-2019,346.4,351,344.5,348.95,1856999
27-11-2019,336.5,345.45,334,343.6,1403398
26-11-2019,337.55,340,332.55,335.45,1207480
25-11-2019,330,337,328.5,336.1,1065570
22-11-2019,331.25,333.7,328.45,329.15,1002554
21-11-2019,329.8,333,326.65,331.35,1319148
20-11-2019,332,332.75,325.1,328.7,1228683
19-11-2019,326.9,331.75,322.2,330.3,1498918
18-11-2019,324,329.75,323.95,325.2,2005080
15-11-2019,312,323.5,310,322,4298460
14-11-2019,306.8,309.35,299.85,306.1,1265090
13-11-2019,317.45,318.5,305.6,306.55,1185213
11-11-2019,315.3,319.25,313.3,318.3,886219
08-11-2019,317,321,314.85,315.85,1052289
07-11-2019,317.65,323.3,316.6,318.15,1389521
06-11-2019,319.2,319.2,314,317.55,1673285
05-11-2019,313.9,322,312.75,319.2,2324932
04-11-2019,315.1,319,312.6,314.2,1708410
01-11-2019,312.8,315.1,308.7,313.5,2137459
31-10-2019,293.4,318,292.6,312.25,6166973
30-10-2019,283.8,291,279.25,289.95,2252804
29-10-2019,283.7,284.9,278.6,280.5,1831074
27-10-2019,285.9,285.9,280.35,282.05,592108
25-10-2019,266.4,284,263.6,281.6,5552179
24-10-2019,277,277.65,248.8,262.7,2991580
23-10-2019,270.95,277.7,268.8,275.5,1197684
22-10-2019,270,274.95,268.6,270.45,1330438
18-10-2019,264.5,271.2,263.5,269.65,1770184
17-10-2019,256,266.1,255.85,265.45,1695780
16-10-2019,259.4,261.85,255.05,255.9,1786459
15-10-2019,256.8,259.9,254.75,258.4,1166418
14-10-2019,257,259.35,254.1,255.45,1071347
11-10-2019,256.7,261.4,251.6,254.5,2074551
10-10-2019,259,259,252.7,254.05,1638667
09-10-2019,250.1,262,244.35,260.9,2783279
07-10-2019,251.1,253.4,246.6,249,2033866
04-10-2019,259.9,260.5,248.6,249.9,3261583
03-10-2019,255,260.7,250.15,255,4848548
01-10-2019,273.8,275.5,245.65,256,4976408
30-09-2019,283.3,283.3,270.1,270.9,1809505
27-09-2019,283,286.05,280,281.25,1793222
26-09-2019,281.6,289.7,277,281.9,3447677
25-09-2019,299.4,299.4,278.6,280.15,2970811
24-09-2019,313.2,315,301,302.45,1712432
23-09-2019,308.2,315.5,300.4,313.6,3682690
20-09-2019,274.05,307.6,268.55,301.7,4417530
19-09-2019,280.5,280.5,273.2,274.05,1126938
18-09-2019,277,282.85,274.5,280.5,1000704
17-09-2019,285.3,286.35,273.1,273.9,1084815
16-09-2019,287.9,290.45,284.05,284.65,824210
13-09-2019,286,292.4,282.1,291.7,970245
12-09-2019,287.05,288.7,284.1,286.85,871274
11-09-2019,278.9,285.85,278.45,285.3,743599
09-09-2019,274,278.6,271.5,277.9,998548
06-09-2019,275.35,277,272.25,273.95,619789
05-09-2019,275.4,276.3,271.15,273.15,1163219
04-09-2019,269.7,275.75,267.6,274.95,2238035
03-09-2019,271.9,271.9,267.15,268.35,1047142
30-08-2019,276.25,277.9,266.95,273.7,1911077
29-08-2019,283,284.3,273.5,274.65,906601
28-08-2019,287.25,287.25,282.2,284.9,915588
27-08-2019,284.4,288,282.75,285.7,3226219
26-08-2019,288,288,270.05,280.25,5094718
23-08-2019,267.4,275.05,262.7,271.1,1261096
22-08-2019,277,278,267.3,268.4,953867
21-08-2019,285.3,285.8,276.4,277.4,977952
20-08-2019,286.55,287.55,280.85,283.65,844230
19-08-2019,292.65,292.65,286.1,286.7,716842
16-08-2019,287.2,292.6,284.3,290.95,7291861
14-08-2019,285,291.25,284.35,289.85,767771
13-08-2019,292.1,292.1,282.6,283.4,851714
09-08-2019,297,297.95,290.2,291.35,1054810
08-08-2019,290,295.4,285.65,294.3,1092000
07-08-2019,302.55,303.05,288.85,289.95,1228606
06-08-2019,298.7,304.35,297.5,301.25,1702032
05-08-2019,299.7,302.85,292,300.25,1993140
02-08-2019,315.55,322.2,307.05,308.45,2971380
01-08-2019,331,331.55,311.5,317.2,1435145
31-07-2019,325.75,333.1,323.9,332.05,863474
30-07-2019,343.75,346.7,325.85,327.5,980143
29-07-2019,342.6,346.6,336.95,343.65,665510
26-07-2019,341.45,346.1,340.85,342.5,728342
25-07-2019,341,343.2,337.55,341.4,684937
24-07-2019,342.2,344.75,336.3,339.65,766187
23-07-2019,352.8,353.1,341.05,342.05,929840
22-07-2019,356.2,359.5,348.8,350.8,1051694
19-07-2019,364.65,365.9,355.15,356,533455
18-07-2019,372.2,373.7,362.6,363.65,842441
17-07-2019,364.55,373.5,363.2,372.15,652963
16-07-2019,358.8,365.85,357.55,364.25,467513
15-07-2019,364.1,364.65,357.6,359.95,1135189
12-07-2019,363.35,366.4,361.5,363.55,472281
11-07-2019,358,364,357.05,363.1,738643
10-07-2019,360.3,361.7,351.35,354.2,1309501
09-07-2019,355,360,352.6,359.15,840451
08-07-2019,368.9,368.9,353.55,355.25,901026
05-07-2019,369.25,373.4,366,370.6,1784869
04-07-2019,367,370.7,366.3,367.3,849228
03-07-2019,366,366.55,363.15,366.15,484847
02-07-2019,362.5,365,360.35,364.5,530796
01-07-2019,362.2,362.95,358.55,361.5,385010
28-06-2019,362,364.85,358.9,360.9,757668
27-06-2019,358,363,357.4,362.05,825941
26-06-2019,355.55,359,354.65,358,638202
25-06-2019,353.25,356.9,351.25,356.5,591162
24-06-2019,350,354.55,349.75,353.25,839158
21-06-2019,345,350.45,343.25,349.45,840865
20-06-2019,342,346.2,335.8,345.05,688573
19-06-2019,343.6,345.1,335.7,338.85,566810
18-06-2019,335.05,343.9,333.75,340.25,1181672
17-06-2019,343.8,343.9,337.05,337.75,505325
14-06-2019,346.2,346.35,342.7,343.85,556440
13-06-2019,342.2,347,339.55,346.3,1997665
12-06-2019,347.35,347.35,342.5,344.2,636710
11-06-2019,344,348.2,342.85,347.35,799537
10-06-2019,345.4,347.5,339.9,343.4,1179734
07-06-2019,337.9,342.35,335.85,341.65,1187491
06-06-2019,349.8,349.8,336.1,337.05,1463518
04-06-2019,354.3,357.15,351.35,352.35,2138824
03-06-2019,352.05,355.55,349.8,354.9,1028901
31-05-2019,354.1,357.8,345,352.55,1309018
30-05-2019,350,354.9,347.6,353.65,1041082
29-05-2019,358.45,359,347.2,348.55,1072362
28-05-2019,361.5,361.5,356.7,360.4,1311058
27-05-2019,355.3,362.2,354,361.45,1801457
24-05-2019,345.2,356,343.5,354.6,2400864
23-05-2019,350,364,339.2,342.3,4157235
22-05-2019,339.5,342.8,333.55,340.85,1969361
21-05-2019,346.05,347.1,336.15,337.55,5921841
20-05-2019,334.5,346.1,330.75,344.6,3409600
17-05-2019,315.05,321.6,313.3,318.95,922507
16-05-2019,312.5,316.85,309.5,315.2,907009
15-05-2019,316,317.75,310.2,311.6,1670626
14-05-2019,307.9,316.05,305.05,313.9,1364050
13-05-2019,310.4,314.4,305.1,306.75,1903014
10-05-2019,301.95,310.7,292.2,308.05,3616120
09-05-2019,298.9,300.95,295.95,299.25,1254416
08-05-2019,305.45,305.45,297,298.1,1347901
07-05-2019,310.3,312.3,304.05,305.85,1896017
06-05-2019,307.8,310,305.9,308.7,614890
03-05-2019,308.1,311.5,308.1,309.15,2895175
02-05-2019,308,311.35,305.6,307.45,1414777
30-04-2019,312.5,312.5,305,310.2,641470
26-04-2019,306.45,313.25,306.45,312.3,714393
25-04-2019,311.5,312.05,305.7,306.3,575028
24-04-2019,307,311.85,303.6,310.7,737115
23-04-2019,310.45,313.55,304.9,305.65,760962
22-04-2019,309.05,312.4,306.5,310,819602
18-04-2019,315.9,315.9,308.1,310.9,708133
16-04-2019,316.15,319.3,314.95,315.8,843477
15-04-2019,315.3,318.5,314.1,315.65,584068
12-04-2019,314.5,316.5,311.5,315.3,655701
11-04-2019,311.2,315,308.95,314.7,815753
10-04-2019,315.15,317.25,310.5,311.2,864801
09-04-2019,313.55,315.95,308.1,315.15,1568338
08-04-2019,318.8,319.3,311.25,312.8,757492
05-04-2019,323.6,323.6,314.65,317,1136364
04-04-2019,320.75,325.55,318.55,321.7,1046914
03-04-2019,330.3,332.65,319.55,320.65,1202674
02-04-2019,323.5,330.5,321.9,328.55,1270507
01-04-2019,322,327.5,321.2,322.8,1131983
29-03-2019,320.2,322.95,316.7,320.8,1443769
28-03-2019,310,319.9,309.15,318.4,2524781
27-03-2019,305,310.7,304.3,308.05,2323321
26-03-2019,294.05,305.95,294.05,303.3,2237048
25-03-2019,294.9,295,292.4,293.8,2288397
22-03-2019,304.05,306.3,297,298.1,1756380
20-03-2019,302.9,304.7,299.85,303.45,1777827
19-03-2019,300.05,306.2,299,302.75,1955315
18-03-2019,298.4,300.75,294.3,298.45,3018009
15-03-2019,292.05,300.5,292.05,297.7,2317993
14-03-2019,294.15,294.6,290.45,291.15,1933895
13-03-2019,286.5,293.5,284.55,292.65,1853310
12-03-2019,289,289.75,285.3,286.5,2114120
11-03-2019,283.3,288.5,283.3,286.8,1742960
08-03-2019,282,284.2,279.8,281.25,2448108
07-03-2019,279.7,282,277.65,281.15,2438806
06-03-2019,276.3,282.2,275.55,277.65,1332335
05-03-2019,271.9,277.5,271.2,276.05,2460449
01-03-2019,270,274.4,270,272.95,1005936
28-02-2019,267.5,270.95,267.5,269.75,658736
27-02-2019,267.3,272.5,266.5,267.25,1174418
26-02-2019,268,268.2,263.25,266.3,878518
25-02-2019,271,271.45,268.15,270.2,564769
22-02-2019,268,271.8,267.25,270.75,667047
21-02-2019,269.95,270.9,267,267.55,755803
20-02-2019,265,267.7,264.5,267.05,741933
19-02-2019,260.5,267.25,260.5,262.5,916974
18-02-2019,263.05,265.5,258.8,259.75,985624
15-02-2019,268.5,269,261.3,262.95,926380
14-02-2019,268.5,268.65,264,267.05,1325699
13-02-2019,276.9,278,266.75,268.25,1558443
12-02-2019,280.25,282.2,274.5,275.4,739466
11-02-2019,286,286,279,279.8,616744
08-02-2019,285.5,287.3,282.4,285.05,704422
07-02-2019,289.8,294,286.85,287.6,1799597
06-02-2019,285.4,288.9,283.6,288.2,911063
05-02-2019,284.05,286.75,283,284.5,677418
04-02-2019,283.4,284.85,278,283.6,1106833
01-02-2019,296.05,302.35,282,284.3,4499756
31-01-2019,289.9,294.5,287.75,293.35,1920682
30-01-2019,280.8,290,280.4,287.5,1230092
29-01-2019,282,286,276.6,280.75,795755
28-01-2019,286.4,286.5,277.45,281.6,641526
25-01-2019,288.5,291,283.25,285.25,498339
24-01-2019,285.5,289.9,285.5,287.95,578602
23-01-2019,290.05,294.7,285.4,286.5,578169
22-01-2019,292.35,292.8,288.2,290.3,713849
21-01-2019,295.15,296.75,291.1,292.35,1451832
18-01-2019,298.05,299.7,294.2,295.2,1061221
17-01-2019,303.3,304.5,295.4,297.35,2476004
16-01-2019,303,306.4,302,302.75,1198578
15-01-2019,301.3,303.6,300.55,301,1159145
14-01-2019,301.6,303.4,299.45,300.5,1574072
11-01-2019,305.5,306,301.1,302.55,1117724
10-01-2019,305.15,307.2,302.95,304.65,1420815
09-01-2019,306,306.95,300.85,305.05,1341992
08-01-2019,295,305.8,294.7,305.1,1613023
07-01-2019,301,301.35,294.65,295.7,996250
04-01-2019,293.8,298.95,291.45,297.5,1642285
03-01-2019,294.75,295.75,290.2,291.05,1648244
02-01-2019,299.35,302.2,293.1,293.85,1691617
01-01-2019,297,300.15,293.8,299.35,2978586
31-12-2018,296.5,298.1,295.05,295.65,1779006
28-12-2018,294.7,297.05,293.6,294.45,1195602
27-12-2018,295.2,297.5,291.05,291.85,905888
26-12-2018,293,294.8,287.2,293.95,1965380
24-12-2018,292.5,294.95,289.85,292.8,1649779
21-12-2018,294,296.45,290.05,291.65,1994307
20-12-2018,299.4,301.5,293,293.85,2250216
19-12-2018,294.5,301.95,294.05,300.4,3368259
18-12-2018,288.3,294,287,292.55,1555559
17-12-2018,289.6,291.3,287.1,288.65,1490329
14-12-2018,290,290.85,286.95,289.15,1000259
13-12-2018,289.6,294.05,286,288.6,1542462
12-12-2018,283.5,285.8,282.55,285.25,844352
11-12-2018,269,283,267.3,281.2,1231049
10-12-2018,261.1,276.4,261.1,273.4,763037
07-12-2018,276.55,277.5,272.25,275.4,697518
06-12-2018,277.1,279,275,275.75,602183
05-12-2018,282,283.05,277.7,280.2,686643
04-12-2018,287.55,287.9,281.9,282.3,982218
03-12-2018,287.4,287.9,283.4,287,712981
30-11-2018,289.65,290.8,283.3,284.35,812783
29-11-2018,288.75,289.65,284.25,286.25,782172
28-11-2018,289.5,292.45,283,284.15,1414725
27-11-2018,285,290.2,283.9,289.05,1246974
26-11-2018,283.5,286.8,279.75,285.7,953082
22-11-2018,286.5,287,281.5,282.6,493534
21-11-2018,284,289.5,283.3,286.55,1825790
20-11-2018,286.5,288.65,282,283.05,913371
19-11-2018,292,293.4,286.3,288.2,697713
16-11-2018,286.05,291.05,282.85,290.3,1548651
15-11-2018,283.7,287,281.3,285.3,1004630
14-11-2018,280.05,287.7,279.1,283.7,7343921
13-11-2018,276.5,279.9,273.5,278.15,965595
12-11-2018,284,284,276.85,277.75,1745463
09-11-2018,287.1,287.45,282.55,283,4075029
07-11-2018,289.9,290,285.95,286.65,250372
06-11-2018,297.8,298.15,284.3,286.5,2486352
05-11-2018,286,299.9,283.75,295.3,2519900
02-11-2018,287.1,292.65,283.25,285.45,1738174
01-11-2018,282.5,288.35,278.85,285.7,1765394
31-10-2018,275,281.8,268.7,280.5,1620969
30-10-2018,267.2,279,266.15,273.15,2144031
29-10-2018,248.95,268.75,248.3,268.05,2416167
26-10-2018,254,254,247.65,248.1,1037269
25-10-2018,254.8,255,248.4,249.65,1439903
24-10-2018,259.5,261.85,252.9,255.5,1270634
23-10-2018,258.3,259,254.95,255.35,1194413
22-10-2018,264.55,266.5,259,259.95,3525967
19-10-2018,260,264,258.1,260.85,1526541
17-10-2018,274.45,275,259.9,261.15,1282755
16-10-2018,264.8,271,263.6,270.2,1837519
15-10-2018,263.35,265.6,261,263.35,896570
12-10-2018,265,268,261.5,263.35,6700498
11-10-2018,268.8,271.25,261.1,262.15,2638145
10-10-2018,261.95,279.4,261.15,278.1,1684200
09-10-2018,268.7,268.7,259.7,262.65,1145115
08-10-2018,259.15,268.35,258.55,266,1077520
05-10-2018,271,272,255.95,257.8,2129211
04-10-2018,268.95,272.4,265.8,270.6,998578
03-10-2018,274,278.3,269.95,270.7,1566631
01-10-2018,265.5,274.25,264.4,273.05,1464835
28-09-2018,266.85,272.75,262.4,265,1981859
27-09-2018,264.05,268.15,263.9,265,939783
26-09-2018,272.55,273.85,262.35,264,5335956
25-09-2018,264.9,272.2,261,270.25,1171589
24-09-2018,272.25,273,263,264.55,2803506
21-09-2018,274.9,279.35,253.6,270.05,3124345
19-09-2018,276.05,278,270.6,271.4,1717341
18-09-2018,285.6,286.9,272.55,274,1777022
17-09-2018,289.5,289.5,284.1,285.6,1036473
14-09-2018,290,291.45,288.85,290.4,915880
12-09-2018,283.9,286.6,280.15,285.45,1125940
11-09-2018,288.3,291.5,281.2,282.3,2335721
10-09-2018,291,293.3,284,285,1653251
07-09-2018,296.5,296.5,290,291.85,1316405
06-09-2018,298.3,300,295.1,296.65,886328
05-09-2018,296.9,298.9,290.6,296.75,1072809
04-09-2018,307.7,307.7,295.7,296.6,1127481
03-09-2018,312,312.2,304.3,306.4,1011813
31-08-2018,307.3,310,304.75,308.85,1333008
30-08-2018,310,310,306,308.15,934912
29-08-2018,306.9,312,306,309.65,1538284
28-08-2018,308.7,310.15,303.6,304.95,812586
27-08-2018,303.25,310.3,303.25,308.25,1887982
24-08-2018,301.25,305.85,299.1,300.3,1068084
23-08-2018,307.9,307.9,298.35,302.25,953542
21-08-2018,308.1,308.5,303.5,306.9,758375
20-08-2018,304,308.5,303.7,307.55,1390276
17-08-2018,295.9,302.65,294.2,302,1395035
16-08-2018,293.95,298.25,290.5,292.7,1137255
14-08-2018,296.95,299.1,293.75,294.7,1678183
13-08-2018,296.4,302.55,291.8,294.8,2454485
10-08-2018,317.7,325.85,301.1,304.45,6462515
09-08-2018,313,319.2,310.1,316.45,2508521
08-08-2018,305.5,310.55,303.15,308.65,1057985
07-08-2018,309.4,310.5,303,304,1083375
06-08-2018,300.5,310.9,300.5,308.55,2032631
03-08-2018,295.4,299.15,294.05,298.6,3477241
02-08-2018,293.9,296.2,290.6,294,884852
01-08-2018,295,297.8,289,295.1,1758321
31-07-2018,297.4,302.3,292.25,293.4,1877491
30-07-2018,288,299.55,287.6,297.35,1962286
27-07-2018,289,296.8,285,286.6,1939170
26-07-2018,275,288.5,273.55,286.7,2153581
25-07-2018,269.4,272.55,265.8,271.45,810369
24-07-2018,266.4,269.25,265.7,266.7,583727
23-07-2018,261.5,267.35,260.7,266.4,776987
20-07-2018,260.9,262.9,258.65,260.95,677082
19-07-2018,259.1,263.2,256,260.15,772866
18-07-2018,260,262.65,256.05,259,882204
17-07-2018,250.95,260,250.35,259.25,1077503
16-07-2018,257,257.55,251.1,251.75,481573
13-07-2018,261.9,263.05,256.1,257.6,3130061
12-07-2018,261.9,264.35,261,262.75,526188
11-07-2018,263.45,263.45,258,258.9,586328
10-07-2018,262.1,265.6,262.1,263.5,545861
09-07-2018,258,262.4,258,261.35,569398
06-07-2018,256.9,260.9,255.7,257.45,652809
05-07-2018,257.1,258.6,255.5,256.6,405184
04-07-2018,257,258.35,254.65,257.5,764399
03-07-2018,260,260.7,256.7,257.75,541935
02-07-2018,259.9,261.6,254,259.1,882392
29-06-2018,257.6,263.3,257.6,259.3,569762
28-06-2018,260,261.95,255.85,256.85,740047
27-06-2018,268,268,260.8,261.65,795485
26-06-2018,267,271.1,265.45,267.15,978497
25-06-2018,273,275,267.4,268.3,482283
22-06-2018,268,273.9,265.8,273.25,775701
21-06-2018,274.4,274.55,268.05,268.7,460574
20-06-2018,272.55,274.75,271.55,273.25,911269
19-06-2018,276,276.7,270.1,272.4,1145820
18-06-2018,277.5,279.7,275.55,276.85,703222
15-06-2018,282.7,283.4,276.5,277.55,703218
14-06-2018,287,287.15,281.25,282.7,903754
13-06-2018,284,289.35,284,287.65,1470080
12-06-2018,273.65,284.6,273.65,282.85,1735577
11-06-2018,273.7,278.25,272.55,273.65,918121
08-06-2018,269.05,273.2,267.05,272.7,951380
07-06-2018,271.4,272.7,268.4,269.25,1036913
06-06-2018,263,270.8,262.15,269.9,1003521
05-06-2018,262,265.05,261,263.5,797511
04-06-2018,268.85,268.95,261.65,263.1,657500
01-06-2018,269.5,269.7,264.6,266.75,746894
31-05-2018,267.4,272.85,263.2,269.2,863012
30-05-2018,261.6,268.05,260,266.9,1077579
29-05-2018,270.1,271,263.45,264.9,821457
28-05-2018,267.5,274,266.25,272.25,1176549
25-05-2018,268.2,268.7,262.65,267,1140754
24-05-2018,264.7,269.5,260.8,268.5,2078061
23-05-2018,254.2,269.7,254.15,263.2,4757067
22-05-2018,244.3,259.9,241.3,254.15,4489373
21-05-2018,242.7,245.85,240.25,245.1,1389712
18-05-2018,242.9,243.9,237.85,239.2,2252912
17-05-2018,245,245.95,242,243.3,1866104
16-05-2018,245.75,248.6,240.8,243.15,1533799
15-05-2018,253.8,257.2,246,248.6,2175881
14-05-2018,250,255.6,248.55,253.35,1425180
11-05-2018,247.15,251.8,246.1,250.9,2267400
10-05-2018,247.3,250.35,246.6,247.95,1122880
09-05-2018,249.95,249.95,246.45,248.8,2068689
08-05-2018,247.5,252.45,244.75,250,2584623
07-05-2018,242,248.15,242,246.5,1721182
04-05-2018,243,243.85,240.65,241.95,1905471
03-05-2018,240.05,243.4,238.8,241.8,741317
02-05-2018,246.4,246.4,239.75,240.65,638079
30-04-2018,245,249.5,244.8,246.3,961621
27-04-2018,232,245.75,232,242.65,1733902
26-04-2018,238.1,238.75,232.6,233.35,851875
25-04-2018,240.5,240.7,237,237.4,696728
24-04-2018,242,243.5,239.5,240.6,636887
23-04-2018,242.5,244.85,239.25,242.7,2604328
20-04-2018,245.5,245.55,239.5,241.4,1176085
19-04-2018,247.9,248.2,245.2,246.25,706446
18-04-2018,249,250,245.4,246.25,844431
17-04-2018,251.5,252.55,246.8,248.2,857524
16-04-2018,249,251.5,247.5,249.3,582678
13-04-2018,254.05,256.05,250.15,251.2,1005847
12-04-2018,257,257.4,252.7,254.3,779024
11-04-2018,263.25,263.25,256.5,257.3,858460
10-04-2018,260.65,265.25,258.5,263.25,4251599
09-04-2018,261.2,262.75,257.8,260.55,1675768
06-04-2018,260,261.15,255,259.8,3233693
05-04-2018,251.2,261.6,250,258.4,1541677
04-04-2018,251,253,245.6,246.9,915994
03-04-2018,249.8,253,248.25,250.35,2233250
02-04-2018,251,251.95,245.15,246.3,819715
28-03-2018,252.4,255.9,249.15,250.1,1095310
27-03-2018,250.7,255.2,248.2,253.85,2726226
26-03-2018,235,247.5,234.45,246.35,3101683
23-03-2018,238.6,238.6,232.5,234.6,1993347
22-03-2018,246.9,247.2,241,241.6,2448373
21-03-2018,251,254,247.2,247.7,1581298
20-03-2018,247,252.3,245.45,249.25,1135716
19-03-2018,253,253.8,246.1,248.1,1074901
16-03-2018,253,255.6,250.5,252.6,1834475
15-03-2018,257.9,258.85,253.1,254.1,847186
14-03-2018,252.05,257.6,250,257,1416650
13-03-2018,251.85,262.4,250,254.9,2170015
12-03-2018,254,255,247.4,252.85,1189923
09-03-2018,257.05,257.55,251.9,253.15,970104
08-03-2018,247,257.5,244.4,256.75,1871880
07-03-2018,255.95,255.95,246,246.65,2370683
06-03-2018,266,266.1,255,256.5,1478458
05-03-2018,260.8,268,258.75,263.8,1259416
01-03-2018,266.8,270,261.3,262.55,3299546
28-02-2018,264.8,270.4,260.9,268.75,3090656
27-02-2018,273.95,275.85,266.1,267.8,2343314
26-02-2018,280,280.4,273.75,274.75,1976330
23-02-2018,273.05,277.35,272.7,276.1,1803816
22-02-2018,271.6,273.5,269.25,272.6,1232294
21-02-2018,272,274,267.3,273.1,2068366
20-02-2018,268.2,273.95,264.75,269.65,3655220
19-02-2018,271.2,271.75,256.6,267.65,3120693
16-02-2018,280.05,281.2,270,271.75,3887817
15-02-2018,275,282,274.45,278.85,2897772
14-02-2018,289,289.4,275.8,276.8,4035985
12-02-2018,288,292.4,285,288.5,2614328
09-02-2018,297.95,300.55,295.05,296.4,1480654
08-02-2018,293,308.05,292.15,301.45,1575362
07-02-2018,295.6,297.95,290.1,292.75,1658643
06-02-2018,286,297.05,283.1,291.5,7376854
05-02-2018,292.7,300,289.8,297.7,1100646
02-02-2018,302,305.4,295.05,296.9,1746741
01-02-2018,316.05,317.45,304.5,305.55,2992953
31-01-2018,313,316.45,307.65,312.75,1593330
30-01-2018,311.05,318.75,310.8,312.85,1516354
29-01-2018,313.8,318,310,311.1,1897912
25-01-2018,333,334.8,312,313.15,2511198
24-01-2018,317.8,330.6,316.1,329.5,4061533
23-01-2018,306.25,319.95,306.25,318,2680572
22-01-2018,309.4,309.4,304,306.25,1371793
19-01-2018,302.75,309.8,302.45,309.05,2100878
18-01-2018,314.15,317.75,300.2,302.75,3848730
17-01-2018,295.2,308,292.65,306.35,4250423
16-01-2018,302,303.4,295.25,296.15,951637
15-01-2018,303.2,305.15,301.55,302.25,1013072
12-01-2018,304.25,304.8,300.6,301.8,624189
11-01-2018,301.5,303.05,300.1,302,746295
10-01-2018,304.1,305.8,300,301.05,911368
09-01-2018,307,309.45,303.45,304.25,1620111
08-01-2018,306.6,309.3,305,305.65,1043824
05-01-2018,311,311.8,305.6,306.2,1897329
04-01-2018,304,309.9,303,308.05,2863595
03-01-2018,304.9,306.4,302.15,302.85,806325
02-01-2018,308.1,308.85,301.65,302.9,1188380
01-01-2018,310,312.75,306.5,307.05,1725476
29-12-2017,309.3,311.95,309.1,309.5,2401083
28-12-2017,314.6,316.5,307.3,308.3,3225342
27-12-2017,317,320.3,312.9,314.15,2192876
26-12-2017,318.8,319.75,316.35,316.85,1178637
22-12-2017,317,323.8,316.55,319.85,803103
21-12-2017,317.7,318.2,315.3,316.55,454168
20-12-2017,318.2,319.65,316.5,317.25,412886
19-12-2017,319,322.15,318.2,319.45,562864
18-12-2017,310.8,323.35,301,318.9,1701449
15-12-2017,317.8,319.3,312.1,312.75,632872
14-12-2017,314.2,315.7,309.6,314.05,686423
13-12-2017,318.4,318.9,311.3,313.25,709998
12-12-2017,317.95,320.3,314.9,318.4,758409
11-12-2017,315.25,319.2,315.25,318.3,654329
08-12-2017,316.95,318.65,312.1,313.15,1236570
07-12-2017,312.3,317.75,312.3,316.6,798630
06-12-2017,317.7,317.7,311.45,312.25,956196
05-12-2017,313,320.6,308.95,319.3,1516319
04-12-2017,315,317.4,311.3,313.3,607556
01-12-2017,321.55,322.5,311.4,312.55,1066080
30-11-2017,326.85,326.85,318.85,320.45,921322
29-11-2017,334,334.7,327.65,328.8,493399
28-11-2017,335.35,336.25,331.5,332.65,972320
27-11-2017,330,336.5,328.4,335.25,778581
24-11-2017,336,336.8,331.5,332.25,754610
23-11-2017,336.05,336.9,331.95,334.9,758211
22-11-2017,331,339.5,327.3,335.2,1643066
21-11-2017,334.8,335.4,330,330.75,914107
20-11-2017,337.7,337.7,331.6,333.05,974379
17-11-2017,343.25,346.5,335.8,337.4,1921175
16-11-2017,325.6,334.05,323.7,333.45,1228155
15-11-2017,327.95,330.85,322.15,325.2,1006179
14-11-2017,329,334.7,327.65,329.2,1415815
13-11-2017,335.1,344.6,329.9,331.2,7954401
10-11-2017,315,338.15,309.6,333.2,7645816
09-11-2017,312.25,317.9,308.5,313.75,1906378
08-11-2017,318.6,319.4,307,309.75,1249483
07-11-2017,329,331.8,315.6,317.2,1553044
06-11-2017,324.1,329.85,321.5,328.95,1691305
03-11-2017,315.5,326.9,312.45,325,2392476
02-11-2017,320,323.25,314.05,314.95,1995075
01-11-2017,309.75,321.45,309.2,319.8,2542032
31-10-2017,312.2,313.8,304.4,305.8,1085058
30-10-2017,311.25,322.5,310.35,312.1,3422756
27-10-2017,320,323.4,310.15,310.95,2508221
26-10-2017,327.95,351.5,317.25,320.65,7564371
25-10-2017,279.95,328,279.95,324.7,17296060
24-10-2017,246,255.35,246,254.5,1191897
23-10-2017,243.2,246.75,242.6,245.75,504363
19-10-2017,244.8,245.4,241.25,242.5,525437
18-10-2017,246,247.95,242.5,244.2,1673032
17-10-2017,251.75,254.5,250.8,251.15,551700
16-10-2017,253.1,255,250.35,252.25,610856
13-10-2017,251.6,255,250.3,252.45,508321
12-10-2017,252,253,249,251.6,1258500
11-10-2017,257.4,258.25,250.6,251.6,858527
10-10-2017,256.15,258.2,255.8,256.65,426008
09-10-2017,257,258.95,254.5,256.5,463055
06-10-2017,251.5,257.5,251.5,256.65,768915
05-10-2017,253.3,253.95,249.25,251.35,686395
04-10-2017,251.15,254.7,251.15,253.35,616459
03-10-2017,255.2,256.45,250.65,251.3,578057
29-09-2017,254.3,255.6,253.1,253.75,429274
28-09-2017,251,253.6,249.55,252.8,714794
27-09-2017,260,260.1,248.8,250.45,1244978
26-09-2017,258,259.55,256.05,257.9,606968
25-09-2017,261.85,261.85,254.7,258.65,1013224
22-09-2017,267.05,267.45,261.2,261.9,966177
21-09-2017,270,271.45,267.6,268.5,495890
20-09-2017,268,272,267.8,270.55,762200
19-09-2017,270.45,271,266.55,267.8,956922
18-09-2017,272.25,274,269.5,270.15,725902
15-09-2017,271.45,274.3,270.8,272.05,759700
14-09-2017,273.9,275.5,272.3,273.9,557556
13-09-2017,275,276.5,272.75,273.35,969274
12-09-2017,271.45,275.45,270.55,273.5,677334
11-09-2017,272.95,273.7,269.65,270.85,1662833
08-09-2017,275,275.6,271.25,271.95,1425901
07-09-2017,276.9,276.9,273.5,274.5,1576319
06-09-2017,275.3,277.2,273.5,274.2,1126023
05-09-2017,277.3,279.25,276.7,277.3,1118139
04-09-2017,278.5,279.5,276.2,277.8,582082
01-09-2017,277.9,279.95,276.55,277.7,692851
31-08-2017,276.95,279,274.3,277.35,700338
30-08-2017,277.55,279.3,276,276.9,969642
29-08-2017,278,280.75,276,276.7,988823
28-08-2017,282,282.9,279,279.3,1134477
24-08-2017,280,281.35,277.6,280.45,863400
23-08-2017,274.5,279.35,274.5,278.75,673432
22-08-2017,277.75,277.75,271.35,274.1,1703452
21-08-2017,279,280.7,273.4,274.65,820214
18-08-2017,278,279.5,276,278.65,993368
17-08-2017,283.75,284.6,280.05,280.75,1722662
16-08-2017,279.95,283.6,274.2,282.9,1683686
14-08-2017,282.1,283,276.1,278.05,1988533
11-08-2017,295.15,302.8,278.25,280.65,4249594
10-08-2017,300.2,302.3,292,296.55,1069607
09-08-2017,303.65,307.45,300.2,302.2,933434
08-08-2017,311.9,312,301.4,303.85,1022553
07-08-2017,305.5,311.9,305.45,311.1,998338
04-08-2017,300,306.6,297.6,305.45,1050417
03-08-2017,307.4,307.4,299,300.75,988222
02-08-2017,310.2,311.7,305.4,307.65,1207423
01-08-2017,313.7,314.9,308.1,308.8,984460
31-07-2017,299,313.9,298.1,312.55,3417051
28-07-2017,295.5,300.5,295.5,299.2,757315
27-07-2017,296.95,299.7,296.35,298.3,1777378
26-07-2017,296.35,299.45,295.25,295.75,640953
25-07-2017,295.4,296.95,294.75,296.25,678333
24-07-2017,290.85,296.2,290.65,294.45,761990
21-07-2017,291,292.2,288.4,290.35,431149
20-07-2017,293.9,294,290,290.65,473847
19-07-2017,292.4,293.85,291,293.2,475035
18-07-2017,292,296.3,290,290.45,1709670
17-07-2017,292.35,294,289.7,292.8,835299
14-07-2017,289.6,293.6,287.2,291.6,1073967
13-07-2017,289,290,286.65,288.6,628310
12-07-2017,284.9,288,283.25,287.4,657243
11-07-2017,287.2,289.4,283.1,283.6,1142110
10-07-2017,280.7,287,280.5,285.55,3605684
07-07-2017,280.1,282.4,279.8,280.2,540634
06-07-2017,275,282.75,274.5,280.9,1245617
05-07-2017,274.45,275.65,272.4,275,693654
04-07-2017,274.7,276.4,272.05,273,652050
03-07-2017,274,275.35,272.65,274.7,585573
30-06-2017,272.4,274.65,269.8,273.6,810714
29-06-2017,276.55,279.2,271.6,272.55,999877
28-06-2017,276.95,278.4,273.85,276.4,1279218
27-06-2017,288.95,289.1,277,279.4,2496105
23-06-2017,294.65,295.3,287.8,288.85,765354
22-06-2017,291.25,295.7,291.25,294.55,1380077
21-06-2017,289.75,292.3,288.25,290.2,2160679
20-06-2017,287.8,291,285.7,290,1092198
19-06-2017,286.75,289.55,285.35,288.5,632484
16-06-2017,284,286.65,283.35,285.85,1691416
15-06-2017,284.5,285.75,281.55,284.05,1373156
14-06-2017,285.35,286.35,282.8,284.35,285
13-06-2017,286,287.1,283,283.8,284
12-06-2017,287,287,284.4,285.05,698974
09-06-2017,288.8,289.5,286,288.5,1461948
08-06-2017,292.3,292.3,288.1,288.8,575665
07-06-2017,288.05,291.45,287.25,290.75,816223
06-06-2017,291,292.9,286.5,287.25,803082
05-06-2017,288,289.6,287,287.35,541392
02-06-2017,289.25,290.5,286.65,287.4,659567
01-06-2017,287.2,291.15,284.85,287.35,901626
31-05-2017,289.4,291.25,287.45,288.55,601296
30-05-2017,283.9,289.45,281.15,288.8,699527
29-05-2017,288.15,290.8,283.75,284.4,978317
26-05-2017,290,290.75,285.3,288.45,1077478
25-05-2017,284.05,291,283.85,290,1024680
24-05-2017,289.1,290.15,281.9,283.15,1371376
23-05-2017,295,295.9,287,289.15,1478728
22-05-2017,309,309.3,293.25,294.4,2278172
19-05-2017,304.8,315,302.2,308.15,4801674
18-05-2017,304.7,307.85,302.05,302.95,1046542
17-05-2017,308,308.6,305.45,307.65,1106424
16-05-2017,301.05,308.3,299.2,307,5871721
15-05-2017,298,301.5,297.6,300.45,2157073
12-05-2017,299.25,302.5,295.7,297.15,2386158
11-05-2017,295.1,299.3,294.45,298,2155328
10-05-2017,297,298,293.1,294.6,820206
09-05-2017,300.35,301,295.3,296,1084844
08-05-2017,296.25,300.4,294,298.65,815944
05-05-2017,300.25,304.9,292,295.95,3366537
04-05-2017,293.1,299.8,293.1,298.8,2582802
03-05-2017,288.7,293.15,285.8,289.35,1111318
02-05-2017,290.8,292.5,287.1,288.25,866004
28-04-2017,283.05,290.5,282.6,289.45,1114024
27-04-2017,286,287.8,281,281.95,949975
26-04-2017,286.5,289.15,283.35,286.4,810712
25-04-2017,287.9,288.6,285.05,286,650865
24-04-2017,282.5,287.35,281,285.55,765144
21-04-2017,286.5,286.9,279.35,282.15,1272216
20-04-2017,284.2,287.1,282.15,284.9,964058
19-04-2017,291.9,293,283.2,284.2,1484320
18-04-2017,290.5,296.4,288.5,290.15,1485051
17-04-2017,291.45,292.5,288.55,289.65,1239658
13-04-2017,289.3,292.9,289.3,291,1722889
12-04-2017,294,295.5,289.2,290.1,1377460
11-04-2017,289.8,294.5,289.05,293.7,1261467
10-04-2017,289.4,290.3,286.5,289,1215367
07-04-2017,292.1,294.7,288.05,289.4,292
06-04-2017,295.7,297.55,291.6,292.7,294
05-04-2017,292.85,298.65,289.75,296.7,296
03-04-2017,294.3,295.5,291.5,293.15,1077883
31-03-2017,292.4,294.25,288.55,292.6,2076728
30-03-2017,288.35,293.5,288.15,290,1974483
29-03-2017,282.95,289.55,282.5,287.75,18346222
28-03-2017,280,282.9,278.6,282.15,4603318
27-03-2017,276.3,280.7,275.3,279.35,1533913
24-03-2017,269.95,278.75,268.7,276.05,1912571
23-03-2017,268.55,269.45,266.65,268.5,849174
22-03-2017,271.4,271.4,267,267.65,932422
21-03-2017,274,277,270.2,272.3,1142201
20-03-2017,275,275,272,274,8106217
17-03-2017,279.6,279.6,273.5,274.1,1281510
16-03-2017,278.8,280,276.1,278.95,3721429
15-03-2017,272.5,280,272.5,277.4,1481548
14-03-2017,278,279,273.95,274.7,998562
10-03-2017,274.8,275.65,269.7,272.05,2350135
09-03-2017,269.85,273.8,268.5,273.2,2253195
08-03-2017,268.5,270.25,266.05,269.7,1250732
07-03-2017,270.3,271,266.45,268.05,441030
06-03-2017,265.55,270.45,265.55,269.9,623060
03-03-2017,266,268.6,264.5,265.15,763059
02-03-2017,273.5,274.6,265.9,267,1130527
01-03-2017,270,273.1,270,271.95,1157627
28-02-2017,268.3,271,268.2,269.2,578290
27-02-2017,271,271.5,267.6,268.15,1932776
23-02-2017,271.9,273,269.8,270.5,2294677
22-02-2017,271.25,274.5,269.55,271.8,1557349
21-02-2017,269.45,271.25,268.7,270.65,1022457
20-02-2017,269.35,271.5,268.1,269.25,1645609
17-02-2017,270.9,273.7,267.75,268.8,2822028
16-02-2017,276.5,277,269.8,270.4,3218188
15-02-2017,270.55,272.4,267.1,268.65,1425318
14-02-2017,273.4,273.4,268.1,270.5,1834821
13-02-2017,277.95,278.35,270.2,271.4,273
10-02-2017,278.05,282.45,275,276.25,5531109
09-02-2017,278.3,280.2,271.05,275.85,1953369
08-02-2017,277.8,279.2,273,277.3,2999403
07-02-2017,278,279.6,276.2,277.5,2507178
06-02-2017,279.1,282.45,276,277.05,1742387
03-02-2017,273,278.05,272,277.4,3954087
02-02-2017,271.1,274.7,268.6,272.7,4939979
01-02-2017,261.6,271.65,261,270.3,4767253
31-01-2017,262.65,263.9,259.45,260,1393891
30-01-2017,266,267.7,262.6,263,1972593
27-01-2017,260,268.25,259.5,266.5,2597953
25-01-2017,255.1,261,254.25,259.3,2082222
24-01-2017,255.1,256.95,254.25,254.7,1280279
23-01-2017,251,254.95,250.2,254.1,1141206
20-01-2017,258.8,260.55,250.4,251,1536608
19-01-2017,257,261.8,256.65,258.3,1557394
18-01-2017,256.5,259,256.5,257.6,761642
17-01-2017,256.6,258.55,254.65,256.15,887020
16-01-2017,251.05,256.4,250.75,255.75,1147858
13-01-2017,252.05,252.95,248.85,250.9,1635559
12-01-2017,252.35,254.3,250.55,251.1,1755393
11-01-2017,248.1,253.15,248.1,251.9,2441459
10-01-2017,247.5,248.9,246.4,247.85,667028
09-01-2017,246.55,248.2,246.1,247,594964
06-01-2017,246,248.95,245.3,245.95,1050117
05-01-2017,244.95,246,244.05,245.45,1025688
04-01-2017,245.2,246.45,242.5,242.9,1271447
03-01-2017,243.6,246.3,241.1,244.85,1524646
02-01-2017,252.75,253.5,242.8,243.6,2429618
30-12-2016,247.55,252.45,247.5,249.75,1781491
29-12-2016,248,248.9,245.75,247.55,754686
28-12-2016,249.65,252.35,246.7,247.25,1331062
27-12-2016,243.6,249.9,243.1,248.7,878824
26-12-2016,248.75,248.75,243.7,244.1,781838
23-12-2016,249.95,251.7,248.05,249.25,889308
22-12-2016,254,254.25,248.45,249.75,2080442
21-12-2016,256.55,257.95,254.15,255.15,801075
20-12-2016,261.25,262.95,253.25,254.55,1467511
19-12-2016,263.05,264.4,260.85,261.4,560178
16-12-2016,265.7,268.25,263.25,264.75,813798
15-12-2016,259.35,267.5,259.25,265,1578399
14-12-2016,265.5,266.2,262.2,262.7,794810
13-12-2016,264.85,266.25,261.8,265.5,988072
12-12-2016,269.45,269.45,262.4,263.4,266
09-12-2016,260.95,266.5,258.7,266,2130847
08-12-2016,258.75,260.5,258.05,259.75,944646
07-12-2016,260.05,262.5,252,255.35,2725215
06-12-2016,258.8,260,256.45,259.15,1242889
05-12-2016,254.5,257.3,253.3,256.7,993911
02-12-2016,253.3,261.25,253,254.4,2128604
01-12-2016,259.9,260.95,254.75,255.75,1453568
30-11-2016,254.4,259.9,252.75,258.4,1653267
29-11-2016,254.6,256.5,252.1,252.95,1185549
28-11-2016,253.7,257.7,248.2,253.6,2096208
25-11-2016,263.8,264.65,258.6,260.95,1791027
24-11-2016,258.4,262.9,254.65,261.7,1900846
23-11-2016,260.8,260.8,254.9,258.75,1559253
22-11-2016,261.5,262.4,251.45,257.4,2450360
21-11-2016,276.3,277.8,256.25,257.75,2569703
18-11-2016,278.4,279.95,274.75,275.7,1886242
17-11-2016,277.25,282.4,276,277.65,3027795
16-11-2016,283.4,285,276.1,277.15,2460911
15-11-2016,275.95,283.35,271,278.1,5272341
11-11-2016,278.95,288.5,270.7,272.9,278
10-11-2016,267,283.9,265.3,281.6,5967067
09-11-2016,239.5,261,231,259.75,4029745
08-11-2016,254,254,248.9,252.6,758203
07-11-2016,248,254,245.75,252.7,1120508
04-11-2016,246.2,248.5,240.55,242.85,1192300
03-11-2016,250.9,252.8,245,245.65,1287155
02-11-2016,254.4,255.5,247,251.3,1073249
01-11-2016,257.5,260.1,256.85,258.4,2395509
30-10-2016,259.3,260,257,257.85,306968
28-10-2016,256.65,258.55,253.7,257.85,2277165
27-10-2016,259,259,254.4,255.05,2609234
26-10-2016,261.3,264.75,257,259.05,1397639
25-10-2016,264,264.65,260.75,261.3,2362503
24-10-2016,259.9,264.75,258,262.85,4163083
21-10-2016,260,260,255.75,258.4,1880556
20-10-2016,255.05,260.4,255.05,259.95,3227303
19-10-2016,257.3,257.95,254.3,254.8,4161624
18-10-2016,254.85,257.45,253.75,256.9,4550935
17-10-2016,254,256.3,251.9,253.1,3033994
14-10-2016,251.25,253.3,249.7,251.9,3474567
13-10-2016,255.4,255.4,246.1,249.7,1557775
10-10-2016,259,260.2,255.35,256,2377551
07-10-2016,257,259.45,255.05,258.25,3479926
06-10-2016,261.7,261.9,255.8,256.85,1416758
05-10-2016,262.05,264.6,259.65,260.55,3191168
04-10-2016,256.4,261.5,253.85,259.25,5202146
03-10-2016,252.6,257,252.6,255.2,2078880
30-09-2016,246.1,252.5,245.6,250.7,1417765
29-09-2016,254.95,256.75,243.5,247.15,1968079
28-09-2016,250,255.7,248,253.5,3346226
27-09-2016,252.35,253.95,248.3,248.95,1840643
26-09-2016,254.4,254.4,250.65,251.65,2660045
23-09-2016,258.4,258.7,253.7,254.4,2274898
22-09-2016,257,258.35,255.2,257.35,3545874
21-09-2016,254.5,256,250.75,251.35,3219387
20-09-2016,256.05,256.6,253.2,254.25,2128453
19-09-2016,255.5,258.3,255.15,255.65,2773389
16-09-2016,257.35,261.9,253.6,254.4,1941142
15-09-2016,258.05,258.55,254.2,255.8,2156707
14-09-2016,254.25,258,253.15,257.6,964097
12-09-2016,257.7,258.85,251.7,252.7,1692033
09-09-2016,268.55,268.55,263.25,264,2728756
08-09-2016,268,271.55,266.9,267.95,2851299
07-09-2016,262.45,270,260.4,266.55,5797566
06-09-2016,257,260.8,256.05,259.45,3123299
02-09-2016,252.1,254.9,251.85,254.35,968151
01-09-2016,252.45,254.65,251,251.75,1111984
31-08-2016,252.5,255.4,251.25,252.55,1464389
30-08-2016,249.15,252.8,249.15,252.2,1080568
29-08-2016,246.05,249.65,244.5,248.75,2861529
26-08-2016,250.4,250.7,246.1,246.7,1506070
25-08-2016,254.7,255.55,248.7,250.05,1320124
24-08-2016,254.75,256.05,253.55,254.65,1178370
23-08-2016,256,256,251.1,254.6,1460722
22-08-2016,259.1,260.5,254.1,254.95,2086475
19-08-2016,255,260,254,258.5,4802713
18-08-2016,246.05,250.25,246.05,248.2,1964823
17-08-2016,246.1,249.55,244.4,246.25,1971354
16-08-2016,245.2,247.8,242.4,246.45,2760169
12-08-2016,226.95,247.7,224.4,243.2,13529278
11-08-2016,231.9,233.4,225.9,226.95,2675375
10-08-2016,237,237,230.75,231.5,2864171
09-08-2016,234.8,237.65,232.3,234.6,6467422
08-08-2016,233.9,235.9,231.65,233.05,3492581
05-08-2016,226.3,233.7,226.3,232.8,2098848
04-08-2016,228.15,228.55,223.2,225.55,2299974
03-08-2016,228.7,230.35,225.5,226.55,3330171
02-08-2016,229.55,230.9,227,227.85,2601548
01-08-2016,230.95,232.6,225.65,227.45,1512895
29-07-2016,230.7,232.6,228.35,229.05,2651546
28-07-2016,229.5,235,229.25,230.95,3603185
27-07-2016,227.15,230.95,226.8,228.65,2325398
26-07-2016,230,232,225.5,226.5,1659171
25-07-2016,223.95,231,222.7,229.85,2884964
22-07-2016,225.55,225.65,222.15,223.45,1820228
21-07-2016,231.9,232.1,224.2,225.6,1360277
20-07-2016,231.9,232.5,229.45,230.9,1885839
19-07-2016,229.05,232,226.8,229.7,2947098
18-07-2016,232.4,233.85,228,228.6,1644047
15-07-2016,233,234.45,230.9,231.5,1457142
14-07-2016,227.2,232.8,226.1,231.75,2271813
13-07-2016,227.75,228.4,224.05,227.2,2011848
12-07-2016,224.6,227.1,224.05,226.45,1584372
11-07-2016,223.05,225.35,222,224.6,1864141
08-07-2016,220.95,221,216.55,218.4,1468887
07-07-2016,223.5,224.75,219.25,220.5,1203631
05-07-2016,223,225,221.7,223,1479156
04-07-2016,221.65,224.4,221.65,222.85,1694016
01-07-2016,220.5,220.95,218.9,219.65,1369667
30-06-2016,220,221.8,217.9,218.65,2125658
29-06-2016,217.65,218.7,216.2,217.2,1575472
28-06-2016,217.4,218.65,215.7,216.3,1742439
27-06-2016,211.25,218.7,210.35,217.1,3435350
24-06-2016,207,212,202.55,211.25,6277616
23-06-2016,213.3,217.95,212.9,217.4,2164301
22-06-2016,214,215.3,211.6,212.8,1497501
21-06-2016,215.15,217.55,213.2,213.9,1893257
20-06-2016,208,216.6,208,215.8,2736791
17-06-2016,216.9,217.65,211.6,213.4,2647601
16-06-2016,216.2,218.5,213.1,215.7,5088435
15-06-2016,209.9,217.4,208.55,215.65,5696454
14-06-2016,204.1,208.25,204,207.55,1969658
13-06-2016,200.8,204,200.3,202.2,1673001
10-06-2016,209.05,211.5,205.5,206.2,2497938
09-06-2016,210,212.8,208.65,210,2650120
08-06-2016,210.55,211.85,207.5,210.4,2900015
07-06-2016,200,210.9,200,209.8,6382200
06-06-2016,197.25,202.3,197.1,199.05,1953139
03-06-2016,201,202.4,195.4,196.5,2884550
02-06-2016,198,202.25,195.8,200.55,2657049
01-06-2016,206,207.95,196.5,197.9,4105938
31-05-2016,198.75,205.6,196.55,204.85,31701
30-05-2016,200.05,203.8,194.8,198.65,4293641
27-05-2016,185,202,181.55,195.55,11408487
26-05-2016,175.8,184.9,173.6,183.75,3110660
25-05-2016,171.2,175.75,171.2,175.15,1698436
24-05-2016,168.95,170.7,166.6,169.55,1700663
23-05-2016,172.8,172.85,168.5,168.95,2468012
20-05-2016,173,174.7,170.7,171.45,2496808
19-05-2016,181,181,172.05,172.9,3330710
18-05-2016,177.1,180.55,173.65,180.2,2611488
17-05-2016,178.5,178.95,175.3,177.05,3425424
16-05-2016,185,185,175.4,177.2,4356015
13-05-2016,187.15,187.6,184.4,185,2424054
12-05-2016,187.1,189.4,185.45,188.4,2216583
11-05-2016,185.65,188.6,184.3,184.95,1420234
10-05-2016,188.5,190,186.85,189.3,1197693
09-05-2016,186.15,189.2,185.25,188.65,1469707
06-05-2016,180.5,185,180.2,184.4,2299426
05-05-2016,180.55,182.4,178.6,180.45,2396487
04-05-2016,183.95,184.25,179.6,180.1,2083677
03-05-2016,187.3,189.3,183.75,184.2,1917761
02-05-2016,188,188.5,186,186.4,1384041
29-04-2016,191.65,194,186.65,188.95,2639631
28-04-2016,196.5,198.25,191.5,192.15,2591182
27-04-2016,201.1,201.1,196,196.5,1603074
26-04-2016,196.65,201.4,194.6,200.85,2179231
25-04-2016,201,202.5,195.95,197.3,2266852
22-04-2016,193.05,201.25,191.8,199.9,4435130
21-04-2016,190,197.35,190,194.2,3115164
20-04-2016,188.4,188.65,184.3,187.3,1965713
18-04-2016,191.65,191.7,185.8,186.85,1276445
13-04-2016,191.1,193.7,190.85,191.75,1890928
12-04-2016,188.3,190,186.4,187.7,1402477
11-04-2016,183.6,188.9,182,188.15,2004726
08-04-2016,181.2,183.8,180.35,183.1,1546393
07-04-2016,184.05,185.65,181.15,182.1,1857411
06-04-2016,185,185.65,182.5,183.95,1778378
05-04-2016,193,194.65,183.45,184.5,4328825
04-04-2016,198,198,192.9,195,1632477
01-04-2016,194,197.25,192.05,195.7,2072396
31-03-2016,198,198.75,192.7,194.3,2515892
30-03-2016,191.5,198.25,190.6,197.55,2149916
29-03-2016,188.8,191.25,186.8,189.5,1639587
28-03-2016,196.8,198.05,187.7,188.45,2165388
23-03-2016,197,197.45,195.2,196.8,1151510
22-03-2016,197.7,198,194.5,197.4,1983301
21-03-2016,193.75,197.15,193.15,196.65,1890663
18-03-2016,186.45,192,186,191.05,2161579
17-03-2016,188,189.25,184.65,186.15,2004636
16-03-2016,184.8,185.9,181.65,185.1,1853901
15-03-2016,182,186.1,181.85,185.25,2106123
14-03-2016,182.35,183.4,180.7,181.9,1627470
11-03-2016,180.2,182.65,177.7,180.35,2656995
10-03-2016,184.5,184.8,179.45,180.65,2264920
09-03-2016,180.65,183.95,178.8,183.45,2757274
08-03-2016,187,187.5,181.4,183.65,3064239
04-03-2016,183.4,189.8,178.55,188.4,4418205
03-03-2016,184,184.75,178.55,182.5,3884782
02-03-2016,172.5,183,171,180.85,7051639
01-03-2016,160,163,159,162.2,2941008
29-02-2016,158.75,163.9,153.2,158.4,9080674
26-02-2016,155.3,158.5,152.75,156.25,2664596
25-02-2016,157.6,158.15,151.3,151.9,2781627
24-02-2016,156.2,160.75,155.35,156.7,2612373
23-02-2016,165,165.15,158,158.45,3359454
22-02-2016,165.8,166.8,163.8,164.95,1732629
19-02-2016,158.3,165,157,164.65,2675819
18-02-2016,161.6,163.6,156.35,159.55,3245708
17-02-2016,155.35,160.8,151.4,159.15,4317886
16-02-2016,170.8,171,155.9,156.4,5059940
15-02-2016,158.1,169.8,157.15,167.25,4511775
12-02-2016,157,157.6,148.3,154.95,5166258
11-02-2016,159.95,167.45,152.1,154.2,9834525
10-02-2016,165.1,166.3,158.05,158.95,3674507
09-02-2016,169.7,172.6,166,167,2672324
08-02-2016,170,176.8,168.7,172.05,2909278
05-02-2016,164,169.25,162.35,168.2,2475508
04-02-2016,168.9,169.7,160.8,163.05,2595289
03-02-2016,168.2,168.2,163.45,166.05,3399078
02-02-2016,173,177.4,168.5,169.45,3963363
01-02-2016,182,182.5,172.35,172.9,2805484
29-01-2016,184.2,185.55,178.2,179.95,2795659
28-01-2016,184.5,186.2,182.5,185.35,1244585
27-01-2016,184.9,186.1,181.25,184.3,2380658
25-01-2016,187.9,188.8,182.05,182.9,1700105
22-01-2016,177.1,185,177.1,184.3,2513103
21-01-2016,177,178.75,172.45,175.85,3304691
20-01-2016,180.8,180.8,171.6,173.7,3560531
19-01-2016,183.8,187.25,181.85,183.1,2348244
18-01-2016,185,187.5,179.3,181.1,3987880
15-01-2016,197.5,198,181.15,184.75,3289601
14-01-2016,197.45,201.4,194.45,195.8,2100876
13-01-2016,201,202.35,194.1,200.95,2839483
12-01-2016,205,205.5,199.1,199.85,2294892
11-01-2016,207,207.6,202.65,204.3,2215131
08-01-2016,211.45,212.55,208.5,208.95,1498892
07-01-2016,215,215,209,209.55,2310928
06-01-2016,218.25,219.9,216.3,217,1495570
05-01-2016,222.2,223,217.75,218.25,1967198
04-01-2016,227.4,227.4,220.5,220.95,1712144
01-01-2016,225,228.9,224.5,227.65,1116988
31-12-2015,226.1,226.6,224,224.4,1177836
30-12-2015,229.25,229.55,224.85,225.8,1352460
29-12-2015,229.85,229.9,227.7,228.5,499826
28-12-2015,228.65,230.05,228,228.85,714172
24-12-2015,230.5,231.15,227.9,228.65,610364
23-12-2015,229.8,231.2,229.3,229.9,818385
22-12-2015,232.1,232.3,227.55,228.3,1133514
21-12-2015,226.75,230.95,226.65,230.35,998240
18-12-2015,230.5,232.4,226,226.65,1607912
17-12-2015,230,232.5,228.7,231,1046507
16-12-2015,227.3,229.65,225.55,227.3,1184222
15-12-2015,226.95,227.7,224,226.1,1133088
14-12-2015,226,227.9,224.3,226.5,1215935
11-12-2015,233,233.9,225.1,227.1,1845669
10-12-2015,236.6,236.95,230.4,231.95,1455180
09-12-2015,236,238.2,233.65,234.35,873487
08-12-2015,238.2,240.1,235.2,235.9,794606
07-12-2015,242.2,243,238.45,239.15,674630
04-12-2015,240,242,238.15,240.95,920525
03-12-2015,244.75,244.75,240.25,241.15,749906
02-12-2015,250.1,250.65,244.15,244.75,730039
01-12-2015,250.45,251.85,249,249.3,2243838
30-11-2015,250,252.9,248.75,250.45,901977
27-11-2015,242.8,250.15,242.8,249.55,1564631
26-11-2015,241.55,244.8,241.1,242.75,687265
24-11-2015,242.5,243.9,241,241.5,649830
23-11-2015,244,245.15,240.75,242.9,807622
20-11-2015,244,249.45,242.1,243,1010658
19-11-2015,243.5,245.05,241.6,243.85,802430
18-11-2015,247.2,248.8,239.75,241.05,1088954
17-11-2015,250,251.5,246.95,248,1158220
16-11-2015,239.5,248.85,239.2,247.95,1452615
13-11-2015,242.4,242.4,238,240.2,928095
11-11-2015,243.4,244.55,242.8,243.25,333211
10-11-2015,245.4,247.25,240.2,241.3,1144486
09-11-2015,236.5,248.35,235.6,246.1,1805810
06-11-2015,235.2,244.7,233.1,243.25,3357717
05-11-2015,238.65,239.1,233.4,234.2,1227784
04-11-2015,239,240.35,237,238.45,666193
03-11-2015,239.45,239.75,235.25,236.2,872950
02-11-2015,238.7,238.7,232.85,236.9,1100526
30-10-2015,238.5,240.35,235.25,237.2,977433
29-10-2015,241.65,242,236.55,237.1,1049640
28-10-2015,248.25,249.35,241,242,1227774
27-10-2015,251.15,252.2,248.05,248.65,599139
26-10-2015,255,255.9,250.45,251.15,908520
23-10-2015,252.55,254.75,251.7,252.85,566589
21-10-2015,254.4,255.85,248.6,249.7,764236
20-10-2015,255.25,256.9,253.15,254.45,611799
19-10-2015,256.5,257.9,253.6,254.5,755880
16-10-2015,250,257,248.2,254.9,1221370
15-10-2015,245.5,249.75,245.4,248.95,1299266
14-10-2015,243.3,246.75,243.25,244.25,662273
13-10-2015,244,247.25,242.15,243.4,1064111
12-10-2015,244,245.5,241.5,244.5,887430
09-10-2015,245.7,247.8,240.9,243.2,1290028
08-10-2015,243,245.15,241.05,243.35,986830
07-10-2015,240.25,244,239,243.35,1110917
06-10-2015,242.2,243,237.7,240.25,1201590
05-10-2015,238,240.8,237.4,239.85,1050347
01-10-2015,242,242,234.9,235.4,1274231
30-09-2015,245,246.5,236,237.25,1744128
29-09-2015,237,245.4,232.3,242,3161573
28-09-2015,241,243.7,238.6,239.55,1044011
24-09-2015,240,241.5,238.25,239.15,876104
23-09-2015,236,241.85,233.65,240.1,1389774
22-09-2015,247.9,248.5,236.55,237.9,1407104
21-09-2015,240,247,237.5,245.15,1310460
18-09-2015,239,246.15,239,242.35,1846842
16-09-2015,236.8,237.6,235.15,236.65,943128
15-09-2015,235.15,238.35,232.75,233.8,1404116
14-09-2015,231.9,235.95,230.05,235.15,1137995
11-09-2015,230.5,233.3,228.2,230.15,1453803
10-09-2015,227.8,230,224.25,227.6,1609894
09-09-2015,234.1,234.3,229.25,231.55,1601153
08-09-2015,222.8,230,221.25,228.3,1902841
07-09-2015,226.9,227.7,220.6,221.7,1948821
04-09-2015,232.5,232.5,224.25,225.05,2524425
03-09-2015,233.9,235.5,231.15,232.6,1976804
02-09-2015,241.8,243,230.05,230.6,3178008
01-09-2015,245.1,245.1,238,239.1,2329747
31-08-2015,249,251.45,245.3,247.1,1820139
28-08-2015,254,255.95,247.55,249.25,1555330
27-08-2015,251.5,252.2,248.1,249.45,1313300
26-08-2015,253.7,253.7,245.25,245.8,1970965
25-08-2015,249,254.8,240.1,253.4,2720627
24-08-2015,255,257.85,242.3,245.5,4080271
21-08-2015,263,268.7,256.6,267.4,1935143
20-08-2015,278.7,281.65,268.1,270.45,1726902
19-08-2015,283.1,285.8,275.85,278.05,1464277
18-08-2015,281.4,287.9,275.6,283.95,2409507
17-08-2015,272.05,281.8,270.6,279.05,2977291
14-08-2015,261.4,269.5,259.35,268.45,2069038
13-08-2015,259.55,262.85,258.3,259.4,1519223
12-08-2015,267.7,267.75,255,256.45,3216358
11-08-2015,286,289.5,268.25,269.3,5134060
10-08-2015,281.7,286,280.7,283.1,1074550
07-08-2015,288.25,288.5,280.25,281.4,974810
06-08-2015,286.2,290.65,282.15,288.25,1209780
05-08-2015,289,291.85,284.5,285.35,1144843
04-08-2015,282.9,289.85,276.75,288.2,2959912
03-08-2015,270.7,282.7,270,281.05,2279764
31-07-2015,258.9,273.3,257.8,270.4,3267367
30-07-2015,253.7,259.4,253.7,256.9,1048147
29-07-2015,260.15,260.85,252.4,253.7,1266973
28-07-2015,259.5,263.85,258.4,259.35,786894
27-07-2015,263.65,263.7,258.5,259.05,774182
24-07-2015,270,270.6,262.25,263.5,677739
23-07-2015,270,271.8,267.3,269.5,753651
22-07-2015,264,269.9,262.1,268.65,724394
21-07-2015,267.45,269.7,263.5,264.25,584471
20-07-2015,272,272.5,266.15,267.35,785885
17-07-2015,272.9,273.85,270.65,271.05,559254
16-07-2015,269.8,272.2,268.25,271.75,786354
15-07-2015,268.8,271.7,267.55,268.3,636166
14-07-2015,274,274.25,267.75,268.6,816083
13-07-2015,271.5,274.25,267.95,273.55,995316
10-07-2015,270,271,266.65,270.5,723805
09-07-2015,267,271.3,267,267.75,748675
08-07-2015,269.9,271,265.6,267.4,1020382
07-07-2015,270.6,274.6,270.25,272.7,773533
06-07-2015,262.55,271.7,261.9,270.9,1061015
03-07-2015,267.9,269.9,266.8,268.85,694589
02-07-2015,268.5,271.25,266.4,267.4,898813
01-07-2015,262,269.5,262,267.6,1250209
30-06-2015,259.25,263.5,257.75,262.8,2245542
29-06-2015,258,260.35,255,259.55,2869055
26-06-2015,264,266.5,261.1,265.05,1285051
25-06-2015,261,266,259.1,265,1450527
24-06-2015,268,268.35,261,262.5,847805
23-06-2015,269,270.95,266.5,267.65,1655659
22-06-2015,260.8,267.2,260.7,265.85,1473977
19-06-2015,260,262.85,258.2,260.15,1165503
18-06-2015,256.05,260.9,255.25,258.05,1580553
17-06-2015,256,257,253.65,255.1,1732625
16-06-2015,251,255.75,249.15,254.6,1612446
15-06-2015,254.3,255.75,249.15,250.55,1556523
12-06-2015,254,255.5,251.9,253.95,1146614
11-06-2015,262,262.95,252.85,253.85,1678946
10-06-2015,258.3,262.4,258.3,260.05,1075083
09-06-2015,255,258,253.9,257.4,1539643
08-06-2015,258.8,259.95,252.95,254.85,1315200
05-06-2015,257.4,261.7,255.6,257.8,1426998
04-06-2015,260,261.4,253.8,257.6,2148129
03-06-2015,267.15,268,255.1,257.55,2706069
02-06-2015,278.5,279.5,265.5,266.25,3382530
01-06-2015,279,281.95,277.6,278.15,1331528
29-05-2015,278,281.5,277.2,278.15,1683864
28-05-2015,280.2,280.25,276.2,277.5,1683317
27-05-2015,276.9,281.45,274.35,280.65,1759126
26-05-2015,280,280.85,275.85,277.25,1400467
25-05-2015,280,284.15,276.2,277.7,2510256
22-05-2015,292.35,305,280.8,282.45,9541299
21-05-2015,294.4,294.7,288.25,289.35,1461866
20-05-2015,290,294.65,289.5,291.8,1799545
19-05-2015,289.8,291.5,286.15,288.3,1814740
18-05-2015,289.7,290,285.55,288.75,1522444
15-05-2015,282.2,288.1,282.2,287.35,2258513
14-05-2015,273.9,282,272.75,280.65,1579757
13-05-2015,269.55,275.15,268.25,274.15,1689594
12-05-2015,275.9,276,266.3,267.4,1446092
11-05-2015,264.7,277,262.55,276.05,3357139
08-05-2015,264.1,267.8,260.05,261.8,1563571
07-05-2015,264,267.25,259.95,261.3,1328244
06-05-2015,271.9,273.65,263.35,265.3,1863980
05-05-2015,277.5,277.5,271.65,272.15,1008555
04-05-2015,274,278,271.5,277.3,872315
30-04-2015,271.5,273.35,266.95,270.05,1261259
29-04-2015,272,273.4,269.7,271.8,862637
28-04-2015,268,273.4,265.4,272.4,1187984
27-04-2015,276.5,277,266.15,267.15,1091355
24-04-2015,279,279.35,274.35,275.65,965244
23-04-2015,285.1,287.2,276.3,277.25,1706678
22-04-2015,290.05,293,275.95,284.1,1615547
21-04-2015,287,291,281.6,289.05,1230373
20-04-2015,290.95,293,284.75,287.45,1079809
17-04-2015,291.8,294.4,289,291.05,1123064
16-04-2015,290,293.7,286.3,291.45,1256502
15-04-2015,287,294.5,286,290,1511654
13-04-2015,288,288.5,283.2,285.45,1650847
10-04-2015,281,287.4,280.45,285.65,1418795
09-04-2015,274.5,281.35,272.65,280.45,2941107
08-04-2015,271.8,277,271.8,273.6,948936
07-04-2015,275.1,276.3,270.35,271.9,1686417
06-04-2015,275,275.55,271.1,274.55,1250511
01-04-2015,266.9,274.55,263.65,273.45,1182971
31-03-2015,269.3,271.2,266,267,1468852
30-03-2015,266.3,269.3,263.05,267.9,1259601
27-03-2015,258.65,264.85,256,263.55,2322710
26-03-2015,265,265.8,255.25,256.9,2551714
25-03-2015,271,272,265,265.35,1613834
24-03-2015,274.8,276.25,269.25,270.4,2296663
23-03-2015,280,280.9,273.55,274.7,1355033
20-03-2015,281.55,282.3,277,278.35,1401237
19-03-2015,290.15,290.5,280.75,281.55,1503591
18-03-2015,284.25,288.2,282.1,286.6,1610191
17-03-2015,283.35,283.85,279.8,282.8,1414194
16-03-2015,282.95,283.8,280.2,281.65,2129165
13-03-2015,290,291,280,280.85,2180212
12-03-2015,288.1,289.5,286.65,287.2,1222421
11-03-2015,288.55,291,284.15,285.15,2164441
10-03-2015,291.4,293.25,285.1,287.6,1915794
09-03-2015,292.5,294,288.9,290.65,1636250
05-03-2015,294.5,296.2,289.75,293.65,2185870
04-03-2015,313.2,315.8,292.2,294.2,4888643
03-03-2015,304,305.35,300,302.75,1671259
02-03-2015,305.3,306,297,301.9,1949571
28-02-2015,305.5,306.4,295.35,301.6,3874709
27-02-2015,291.95,300.75,290.25,299.95,1991361
26-02-2015,297.9,297.9,288.3,289.55,1505958
25-02-2015,298,300.45,295,295.55,1227160
24-02-2015,297.6,298.9,292.1,296.15,1914969
23-02-2015,303.35,304.6,294.3,296.25,1652801
20-02-2015,302.3,306.5,297.3,302.25,2071754
19-02-2015,306.7,307.45,296.85,302.35,2222916
18-02-2015,307.2,308,302.15,305.55,1451875
16-02-2015,310.9,313.15,305.05,306.8,2604026
13-02-2015,287.6,307.9,285.5,307.05,8569557
12-02-2015,288.5,289,278.45,284.4,3177460
11-02-2015,290.5,293.65,284,286,2258342
10-02-2015,278,290.85,276,287.15,3355574
09-02-2015,290,292.8,278.1,279.75,3007086
06-02-2015,291.5,294.8,286.15,290.35,2329975
05-02-2015,293.5,297.9,289.2,290.8,2573433
04-02-2015,303,303.7,292.3,293.2,2987707
03-02-2015,311,311.7,299,300.15,3792124
02-02-2015,309.95,312,305.35,307.8,1878937
30-01-2015,329,330.4,307.7,310,3260291
29-01-2015,332.8,333.5,325.1,326.75,1238834
28-01-2015,330.15,335.9,328.25,334.45,1561750
27-01-2015,329.7,331.95,322.7,329.8,1578195
23-01-2015,328,332.5,324.6,327.35,1782791
22-01-2015,326,327.4,321.75,324.4,1561959
21-01-2015,319.3,327.5,319.2,325.85,3304551
20-01-2015,314.15,319.75,314.15,318.05,1645389
19-01-2015,316.55,317.75,312.35,313.1,1576235
16-01-2015,320.65,320.65,313.2,315.6,1633076
15-01-2015,320.8,323.65,314.05,320.05,4594540
14-01-2015,304.8,307,302.25,304.75,1230375
13-01-2015,307.5,310.65,304.2,305.05,1312573
12-01-2015,304,307.7,301.1,307.05,1831952
09-01-2015,307,308.4,302,303.3,1073080
08-01-2015,305.1,306.4,302.25,304.7,1138384
07-01-2015,300,302.85,295.4,300.35,1926894
06-01-2015,310,310.75,298.7,299.95,2185348
05-01-2015,316.9,316.9,310.35,312.6,1857756
02-01-2015,314.8,318,314.6,315.25,1911714
01-01-2015,312,315,311,313.95,864506
31-12-2014,310,312.6,310,311.85,731539
30-12-2014,307.6,310.75,305.9,309.8,1102525
29-12-2014,308.5,310,306.8,307.4,1024539
26-12-2014,306.4,309.65,306.15,307.65,1235355
24-12-2014,307,310,305.1,305.85,1234271
23-12-2014,307.8,312.35,306.15,307.05,1789300
22-12-2014,306,308.5,303.4,307.65,1419784
19-12-2014,311.4,312,303.55,304.25,1867671
18-12-2014,310.4,312.65,304.75,307.05,2118363
17-12-2014,295,306.4,287.2,302.05,3698431
16-12-2014,308.7,311.1,293.25,295.9,3109092
15-12-2014,308.9,315.9,307.5,310.35,1554183
12-12-2014,314.5,316.8,309.2,311.3,1815713
11-12-2014,313.8,318.65,310.35,314.35,1759540
10-12-2014,303,317.7,303,316.1,1721189
09-12-2014,313.4,314.6,305.4,306.7,1737833
08-12-2014,318,319.85,312.6,313.25,1257446
05-12-2014,320,321,316.25,317.65,1357272
04-12-2014,319.6,321,314.05,320.25,1958189
03-12-2014,319.8,322.9,316.5,317.55,1938931
02-12-2014,319.55,322.75,311.75,318.75,3071362
01-12-2014,323,327.1,317.75,319.45,2049882
28-11-2014,307.85,322.5,307.35,321.45,3906355
27-11-2014,306.3,308.45,303.8,305.85,1470031
26-11-2014,304.95,308.65,303.8,306.2,1686546
25-11-2014,309.55,309.8,301.5,304.95,2243038
24-11-2014,308.6,309.75,306.2,308.5,2348010
21-11-2014,300,306.75,297.45,305.05,2850047
20-11-2014,294.4,298.7,291.05,297.1,2921924
19-11-2014,295,296.8,290.51,291.14,3064590
18-11-2014,295.5,297.79,292.6,293.96,4250210
17-11-2014,279.57,295,279.3,294.02,7240560
14-11-2014,273,280.65,272.14,278.85,7349920
13-11-2014,276,276.2,269.59,271.92,2513150
12-11-2014,275.2,276.8,273.33,274.21,2162060
11-11-2014,273.9,276.2,270.81,273.76,2490810
10-11-2014,275.35,277.01,273.02,273.52,2206150
07-11-2014,278,278.09,272.99,274.24,2168520
05-11-2014,273,279.9,272.31,278.23,3331600
03-11-2014,270.5,274.3,269.5,272.13,2824710
31-10-2014,265.3,270.6,265,270.17,3803950
30-10-2014,264.53,265.2,262.16,263.82,2334220
29-10-2014,267.51,267.8,263.15,264.27,2226850
28-10-2014,260.3,266.5,260.2,265.64,4194140
27-10-2014,259.5,261.89,258.06,259.46,1757000
23-10-2014,258.86,259.85,258.01,258.24,360850
22-10-2014,261,261.43,256.6,257.56,1873460
21-10-2014,257.76,260.5,257,258.46,1981980
20-10-2014,256.8,259.2,255.22,256.79,1942760
17-10-2014,248.3,253.2,247.6,252.23,2667010
16-10-2014,250.75,255.2,245.3,246.57,3144430
14-10-2014,250.11,254.23,249.25,252.17,3385700
13-10-2014,244,249.07,243.13,248.13,2662750
10-10-2014,245.51,249,243.46,245.13,1920220
09-10-2014,242.88,249.77,242.85,248.03,3052660
08-10-2014,234.9,241.88,234.52,241.18,2049970
07-10-2014,241.1,242.35,236.01,236.98,1874600
01-10-2014,244.5,245.36,241.3,242.3,1676880
30-09-2014,244.17,247.39,242.32,244.24,2990120
29-09-2014,245,247.49,242.51,244.75,2174130
26-09-2014,236.39,245.52,234.8,244.29,4682930
25-09-2014,249.79,250.89,236.56,237.84,3610270
24-09-2014,255.5,257.26,245.8,248.74,3030880
23-09-2014,260.21,262.29,254.96,255.6,2078760
22-09-2014,255.29,262.4,254.16,260.2,1790000
19-09-2014,262.57,263.32,255.69,256.85,1566430
18-09-2014,255.1,262.67,254.7,261.88,2900040
17-09-2014,258.12,258.5,253.77,256.21,1172380
16-09-2014,263,264.44,255.4,256.37,1706750
15-09-2014,261,264.48,259.41,262.43,2003530
12-09-2014,260.71,263.3,258.8,262.56,1600970
11-09-2014,256.1,260.9,256.1,260.14,2946190
10-09-2014,255.5,256.37,252.5,255.3,1667200
09-09-2014,256.5,258.9,255.3,256.74,2460310
08-09-2014,253.04,257,252.75,256.42,4596760
05-09-2014,248.21,252.98,248.21,251.54,3249310
04-09-2014,249.91,250.76,247.66,248.8,1665260
03-09-2014,252.4,252.65,249.2,250.15,1672160
02-09-2014,251.04,253.44,250.51,252.21,2054250
01-09-2014,247.5,251.4,247.5,250.34,2044410
28-08-2014,251.4,252.46,245.3,246.05,1895490
27-08-2014,251.5,253.65,247.63,250.3,1818520
26-08-2014,249.99,250.4,246.6,249.32,1841410
25-08-2014,252.9,257.65,249.4,250.91,2419920
22-08-2014,247.71,254.89,247.5,252.36,3292810
21-08-2014,241.79,247.66,241.29,246.78,3417860
20-08-2014,244.28,244.87,240.87,241.31,2379860
19-08-2014,243.53,246.2,243.03,243.98,1575120
18-08-2014,236.05,242.8,235.52,242.03,1986440
14-08-2014,237.42,238.3,235.11,236.18,1877070
13-08-2014,242.23,243.5,235.26,236.87,2392130
12-08-2014,241.99,243.97,240.15,242.94,1655470
11-08-2014,243.1,244,240.56,241.27,1621120
08-08-2014,241.38,244.4,239,241.53,4405590
07-08-2014,242.4,244.93,240.6,243.72,2293140
06-08-2014,245.6,246.6,242.22,242.67,1536850
05-08-2014,247.22,248.3,244.31,246.98,2931840
04-08-2014,245.23,246.8,244.1,246.09,1799180
01-08-2014,241.59,248.43,241.1,243.94,2842800
31-07-2014,245.9,248.26,243.5,243.98,1796720
30-07-2014,250,250.6,243.4,247.1,2025440
28-07-2014,250.99,253.47,247.66,249.03,1634430
25-07-2014,255.1,256.6,248.62,250.12,2151760
24-07-2014,254.9,257,253.17,255.58,1561510
23-07-2014,254.1,257.2,251.8,254.03,1850530
22-07-2014,252.6,254.9,250.51,252.4,1333310
21-07-2014,257.1,258.38,251.5,252.32,1796610
18-07-2014,258.76,258.76,254.02,256.15,2130170
17-07-2014,255.8,261.99,253.2,259.77,1992780
16-07-2014,253.5,258.4,253.41,257.32,2356090
15-07-2014,242.79,252.22,242.79,251.62,2934030
14-07-2014,242.5,243.96,236.97,241.21,2350670
11-07-2014,253.8,254.2,241,242.16,4806200
10-07-2014,258.7,265,250.69,254.79,5248630
09-07-2014,258.5,261.5,254.93,258.16,2844710
08-07-2014,268.5,269.5,256,257.68,4185230
07-07-2014,270.06,271.3,267.59,268.25,3109000
04-07-2014,269.6,271.4,266,269.91,2437460
03-07-2014,270.19,271.8,268.47,269.2,579940
02-07-2014,270,272.9,269.33,270.11,2512190
01-07-2014,269.83,270.7,267.7,268.08,2180030
30-06-2014,264.13,270.68,264.13,268.59,1866400
27-06-2014,265.6,266.89,262.98,263.68,1912720
26-06-2014,269.1,271.6,264.5,265.55,2105010
25-06-2014,266.01,270.45,264.82,269.18,3394150
24-06-2014,260.6,266.9,260.6,265.95,2714810
23-06-2014,259,262.4,256.81,260.14,2568990
20-06-2014,260.7,262.2,256.72,258.06,2091220
19-06-2014,265.99,266.77,259.6,260.61,2495440
18-06-2014,263.87,268.1,260.51,263.82,2892440
17-06-2014,256.49,267,255.46,265.44,2964850
16-06-2014,260.9,261.1,255,257.93,2027940
13-06-2014,270.39,270.5,258.5,260.64,2405340
12-06-2014,269.88,271,267.01,269.38,2555780
11-06-2014,268.3,273.11,266.23,269.07,2524760
10-06-2014,271.01,271.93,264.87,266.48,1946850
09-06-2014,275,276,269.57,270.34,2078840
06-06-2014,272.08,275.3,271.3,273.22,2472830
05-06-2014,268.2,272.1,267.11,269.68,2221230
04-06-2014,262.5,269,262,268.23,2549780
03-06-2014,266,268.88,262.1,264.33,4447870
02-06-2014,254.73,265,252.8,264.42,4025280
30-05-2014,260.48,261.9,253.01,254.19,2801690
29-05-2014,260.51,264.14,258,260.01,2940000
28-05-2014,263.5,264.63,259.2,261.01,2633860
27-05-2014,270.3,270.3,261.9,263.22,3162020
26-05-2014,281.53,283.39,262.72,269.98,6338600
23-05-2014,252,277.5,249.74,275.53,13832640
22-05-2014,247.1,253.53,247.1,251.18,2780660
21-05-2014,252.6,253,245.16,246.01,6808050
20-05-2014,260.4,261.31,251.06,252.61,2502200
19-05-2014,244.4,259.17,244.2,257,5482790
16-05-2014,233.7,250.51,230.5,241.43,11684830
15-05-2014,228.67,230.2,227.28,227.91,2431450
14-05-2014,228.49,231.5,226.89,228.28,3173780
13-05-2014,227.4,232.4,226.14,227.63,5674540
12-05-2014,218.15,226.35,218.15,224.38,3610550
09-05-2014,208.55,218.8,208.36,217.27,3704020
08-05-2014,207.81,210.4,207.07,209.15,2926000
07-05-2014,205.18,208.3,204.39,207.34,2382210
06-05-2014,205.33,206.3,204.03,205.18,1716560
05-05-2014,205.51,206.76,203.55,204.49,2330840
02-05-2014,209,210.51,203.9,204.58,2409190
30-04-2014,207.69,210.71,205.6,207.9,2861280
29-04-2014,211.1,212.45,206.06,206.53,2989520
28-04-2014,208.2,211.4,207.2,210.53,2540040
25-04-2014,206,210.92,204.4,208.32,3014820
23-04-2014,204.5,207.6,204.13,206.46,2577380
22-04-2014,207.2,207.54,204.17,204.94,1961420
21-04-2014,202.01,207.9,202,207.07,2842150
17-04-2014,196.64,202.24,196.34,201.78,3167930
16-04-2014,196.53,199.4,195.19,195.98,2227770
15-04-2014,199.7,200.4,194.9,196.35,2085500
11-04-2014,202,202.89,198.52,199.43,2192820
10-04-2014,199.16,203.8,199,202.69,3213930
09-04-2014,192.03,199,192.03,198.43,2477620
07-04-2014,188.01,192.97,188.01,192.23,1130460
04-04-2014,190,191.31,187.2,190.43,1996370
03-04-2014,192.9,193.3,188.5,189.54,2374020
02-04-2014,191.5,194,188.73,193.35,2637530
01-04-2014,193.23,193.23,186.74,189.46,3942010
31-03-2014,191.3,193.9,188.7,191.83,3232550
28-03-2014,185.26,192.5,185.26,190.23,3574340
27-03-2014,177.6,185,177.6,183.96,5349870
26-03-2014,175.23,177.4,174.27,176.82,2797650
25-03-2014,173,174.69,172.8,174.11,2045830
24-03-2014,171.45,173.9,171.4,172.55,2433450
22-03-2014,170.1,170.59,169.53,170.24,146500
21-03-2014,169.21,171,168.93,170.26,1892760
20-03-2014,170.33,170.5,167.35,167.8,1417080
19-03-2014,171.1,171.8,169.6,170.74,2084900
18-03-2014,165.22,170.94,165.22,169.84,3043090
14-03-2014,164.1,167,163.01,165.35,2330080
13-03-2014,165.05,169.73,164.48,165.18,3492450
12-03-2014,166.3,167.35,164,164.48,2105470
11-03-2014,169,172.2,166.66,167.52,3015600
10-03-2014,165,171,164.03,169.14,4600740
07-03-2014,158.5,166.39,158.1,164.88,5076320
06-03-2014,158.35,158.35,156.14,157.62,2395010
05-03-2014,156,158.1,154,157.35,3561630
04-03-2014,151.71,155.38,151.55,154.97,2099930
03-03-2014,153,155.72,151.52,151.85,3982010
28-02-2014,152.63,153.81,152,153.17,1929400
26-02-2014,150.92,153.4,150.67,152.17,5869320
25-02-2014,151.87,152.06,150,150.68,2327460
24-02-2014,150.6,151.8,149.07,151.08,3800270
21-02-2014,148.5,150.5,148.5,150.31,2514220
20-02-2014,150,150.1,147.63,148.15,1707260
19-02-2014,150,151.57,149.8,150.87,3623730
18-02-2014,147.2,151,147.2,149.91,7953490
17-02-2014,147.6,148.49,146.31,147.34,2490540
14-02-2014,150.4,151.37,145.6,147.51,9439410
13-02-2014,153.6,153.65,149.5,149.97,2265320
12-02-2014,152.9,154,151.77,153.27,10600340
11-02-2014,151.4,152.82,151.4,151.85,4309150
10-02-2014,153.47,153.47,150.76,151.43,1454800
07-02-2014,152.1,153.29,150.61,152.68,2026630
06-02-2014,152.19,153.7,149.7,150.43,2539140
05-02-2014,151.97,152.98,150.2,152.11,1759190
04-02-2014,147.5,152.18,146.9,151.6,2819690
03-02-2014,153,153,148.66,148.99,2574290
31-01-2014,153.38,154,151.5,152.56,2244670
30-01-2014,155.96,155.96,151.41,151.76,3075930
29-01-2014,161.14,162.19,157.02,157.37,2812810
28-01-2014,160,162.8,158,159.6,3044130
27-01-2014,160,160.42,158.43,159.46,2446380
24-01-2014,164.95,166.41,161.83,162.2,2223420
23-01-2014,164,166.2,163.55,165.71,1571420
22-01-2014,165.7,165.7,163.54,164.58,1445390
21-01-2014,165.26,167.14,164.64,165.86,1726540
20-01-2014,162.3,164.59,161.7,164.1,1517880
17-01-2014,163.27,164.49,161.83,162.21,1734980
16-01-2014,164.5,165.06,163.4,163.7,1247070
15-01-2014,163.5,165.8,163.33,164.36,2453290
14-01-2014,163.4,164.85,162.21,162.69,1715300
13-01-2014,161.4,164.71,161.18,164.2,2376660
10-01-2014,163.99,165.67,160,160.89,3408510
09-01-2014,165.49,166.27,163.05,163.91,2595750
08-01-2014,166.5,167.6,165,165.54,2646700
07-01-2014,169.5,170.2,165.32,165.98,3050890
06-01-2014,172,172.15,168.1,168.77,2208110
03-01-2014,173,173.6,171.04,171.61,2372360
02-01-2014,176.69,180.58,173.3,174.25,4040410
01-01-2014,177.4,177.4,176.1,176.53,986010
31-12-2013,176.34,177.34,175.16,176.55,1694460
30-12-2013,178,178.96,175.54,176.34,1988960
27-12-2013,175.7,178.15,175.7,176.99,1797160
26-12-2013,175.5,177,174.7,175.42,1827390
24-12-2013,176.5,177.2,175.21,175.92,1786980
23-12-2013,174.99,177.3,174.8,175.76,1848500
20-12-2013,172.8,175.8,172.1,175.19,2711710
19-12-2013,177.31,177.68,171.61,173.05,2998240
18-12-2013,171.9,177.93,171.6,176.49,4534670
17-12-2013,175.37,175.37,171.51,171.9,3036050
16-12-2013,173.44,176.1,173,173.29,2275350
13-12-2013,175.96,176.99,174.05,174.36,2500240
12-12-2013,179.39,179.83,177.3,177.84,2396970
11-12-2013,184,184,178.21,179.67,3589840
10-12-2013,189.94,189.94,183.91,184.46,2324160
09-12-2013,191.3,192.09,188.22,188.92,2915620
06-12-2013,185.37,186.79,184.59,186.18,1927540
05-12-2013,186.13,188,184.51,185.37,3056360
04-12-2013,180.5,183.47,179.64,181.97,2707980
03-12-2013,181.22,182.94,180.48,181.44,2256100
02-12-2013,182.6,185.3,181.31,182.27,3044580
29-11-2013,176.47,182.98,176.47,182.15,4206320
28-11-2013,178.5,179,176.1,176.36,2127000
27-11-2013,178.9,179.79,175.6,176.39,2754230
26-11-2013,180,181.85,178.2,178.59,2934560
25-11-2013,174.7,180.99,174.11,180.46,3509760
22-11-2013,177.1,178.18,173.5,174.03,3266310
21-11-2013,177.91,178.79,175.5,176.01,4167030
20-11-2013,181.81,183.44,178.27,179.56,4176550
19-11-2013,176.59,182.98,176.4,182.33,4796290
18-11-2013,174.7,177,173.5,176.72,3091380
14-11-2013,172.11,174.07,171,172.24,3340800
13-11-2013,166,173.5,165.34,169.79,9614800
12-11-2013,170.1,171.9,167.07,167.55,4861760
11-11-2013,172.97,175.27,169.6,170.5,4280440
08-11-2013,175,176.79,173.1,174.43,3830680
07-11-2013,180.89,182.7,174.69,175.23,5381500
06-11-2013,185.9,188.49,180.4,180.96,4404890
05-11-2013,187.9,190.8,184.11,187.32,3761030
03-11-2013,189.4,190.5,188.11,188.6,965830
01-11-2013,179.9,189.1,179.01,187.94,6398310
31-10-2013,171.6,180.1,170.5,179.55,6389380
30-10-2013,174.5,175.72,171.5,172.1,3026350
29-10-2013,166.83,174.18,164.51,173.73,5842190
28-10-2013,172.2,173.79,167.15,167.62,2460440
25-10-2013,171.59,173.88,169.71,171.77,2440670
24-10-2013,171.5,174.3,170.7,171.83,3349410
23-10-2013,169.2,173.4,168.53,171.64,5977930
22-10-2013,166.8,169.2,166.12,167.69,2429740
21-10-2013,166.84,169.48,166.21,167.13,3232240
18-10-2013,163,167.2,162.76,166.48,3519890
17-10-2013,162.29,163.5,160.1,162.16,4837310
15-10-2013,166.5,169.39,161.18,162.16,4452760
14-10-2013,164.87,166.9,164.3,165.62,2144230
11-10-2013,165.2,167.12,163.14,165.16,3560760
10-10-2013,161.5,163.9,160.99,163.3,4650600
09-10-2013,159.06,162,157.73,161.24,4730550
08-10-2013,167.2,168,160.2,161.17,4311770
07-10-2013,164.49,164.57,162.02,163.28,2300440
04-10-2013,165.1,167.75,163.15,165.24,5178120
03-10-2013,164.6,166.45,162.6,165.95,3846810
01-10-2013,162.44,165,161.43,164.35,3122030
30-09-2013,161.46,163.1,159.71,161.53,4330800
27-09-2013,168.2,169,162.8,164.17,3186710
26-09-2013,169,169.78,166.7,167.52,3037030
25-09-2013,164.3,169.5,163.52,168.64,4323850
24-09-2013,162.5,165.5,159.8,164.71,7310580
23-09-2013,171.1,172.5,164.14,165.25,5087810
20-09-2013,181.21,184.46,169.5,174.66,9737730
19-09-2013,174.2,181.8,174.1,180.88,6643810
18-09-2013,164.03,167.9,163.8,167.38,2806370
17-09-2013,165.3,166,162.85,163.49,2199880
16-09-2013,169.7,170.5,164,164.97,4145630
13-09-2013,164.49,168.49,163.2,166.3,3500770
12-09-2013,170.3,170.7,164.7,165.81,3526360
11-09-2013,162.03,169.7,160.43,168.89,6188670
10-09-2013,166,169.43,161.7,163.15,3869650
06-09-2013,164,164.79,159.71,163.33,4656460
05-09-2013,153.1,164.39,153.1,163.63,8778220
04-09-2013,148,151.08,145.5,149.11,4029410
03-09-2013,152.6,153.48,146.5,147.53,3835750
02-09-2013,152.5,154.1,151.12,151.67,2731380
30-08-2013,148.8,151.94,147.17,151.44,4539040
29-08-2013,150.66,152.43,147.3,148.93,5091980
28-08-2013,149.88,151.13,145.29,149.82,5735480
27-08-2013,154.39,154.39,150.17,151.99,5311890
26-08-2013,157.49,158.5,154.68,155.73,4065710
23-08-2013,156.9,158.73,154.26,155.95,4692630
22-08-2013,153.02,157.67,151.31,157.11,7571600
21-08-2013,163.51,165,152.46,154.96,7167870
20-08-2013,150.44,156.15,148.88,155.35,4769970
19-08-2013,157.17,157.17,152.12,153.04,7003430
16-08-2013,161.67,161.67,155.34,157.12,8926090
14-08-2013,162.69,164.1,160.8,162.51,5116240
13-08-2013,159.12,162.8,157.5,162.07,6814440
12-08-2013,166.7,167,157.5,160.48,10200710
08-08-2013,171.39,171.79,165,166.15,3618400
07-08-2013,164.5,172.73,163.7,171.36,4211460
06-08-2013,166.9,167.64,163.32,164.08,4422260
05-08-2013,168.53,169.49,165.6,168.24,2815650
02-08-2013,169.4,170.98,166.55,168.14,4159950
01-08-2013,171.7,172.25,166.5,168.35,5396240
31-07-2013,171.99,171.99,169.01,170.99,4642310
30-07-2013,175.09,177.05,171.8,172.37,6840380
29-07-2013,176.7,177,173.66,174.41,3079250
26-07-2013,181.4,182.39,175.11,176.48,6508360
25-07-2013,179.9,181.57,179,179.95,3999160
24-07-2013,182.9,182.9,178.76,180.29,6189440
23-07-2013,184.18,186.99,183.48,186.11,2812640
22-07-2013,180.99,183.39,180.64,182.42,2467120
19-07-2013,183.5,183.5,180,181.41,3528840
18-07-2013,181.6,183,179.2,182.45,5523080
17-07-2013,183.8,183.9,179.03,180.71,6370290
16-07-2013,186,186,179.81,182.85,7073400
15-07-2013,189.5,192,186.69,191.61,3589800
12-07-2013,191.74,192.07,188.26,189.34,2270490
11-07-2013,190.43,192.64,190,191.02,2658310
10-07-2013,190.99,192.4,186.71,187.76,3216020
09-07-2013,188.99,191.2,188.1,189.64,2815400
08-07-2013,188.06,188.5,180,187.73,3087290
05-07-2013,192.3,192.7,188.9,189.47,3959940
04-07-2013,190.5,192.4,187.27,190.15,5404060
03-07-2013,197.87,197.87,189.27,189.96,4978030
02-07-2013,201.4,202.86,198.4,199.09,3235900
01-07-2013,196.4,202.3,195.5,201.56,3014070
28-06-2013,193.04,195.8,192.9,195.36,2486770
27-06-2013,192,192.64,190.11,191.37,2958600
26-06-2013,191.7,192.56,189.4,190.07,5084190
25-06-2013,194.8,195.2,190.82,191.48,5330470
24-06-2013,198.9,198.9,193.2,194.89,5350190
21-06-2013,199.55,200.86,196.7,199.04,6003540
20-06-2013,201.2,202,198.52,199.85,7354710
19-06-2013,204.39,205.2,202.91,204.57,3509520
18-06-2013,206.4,207.49,203.8,204.39,3380040
17-06-2013,205.6,207.2,199.3,206.5,5359750
14-06-2013,204.2,205.99,203.13,204.63,2982570
13-06-2013,198.7,203.54,198.7,201.98,5182390
12-06-2013,200.2,202,197.33,201.01,5986000
11-06-2013,200.5,202.5,198.25,199.77,4710350
10-06-2013,204.16,204.69,200.13,201.21,3116490
07-06-2013,203.79,207.5,201.5,202.32,4186580
06-06-2013,202.2,206.6,200.73,204.92,5796810
05-06-2013,202.5,204.38,201.4,203.16,4398100
04-06-2013,207.05,208.45,202.11,202.6,3740790
03-06-2013,205.47,208,204.06,206.97,3955420
31-05-2013,209.38,209.38,204.16,204.77,3962510
30-05-2013,210.01,211.86,208.04,208.85,3302630
29-05-2013,214.19,214.19,209.6,210.53,3217350
28-05-2013,213.69,216.2,212.24,213.03,3871950
27-05-2013,215.2,218.22,214.65,216.16,3380830
24-05-2013,218.76,219.88,213.01,215.12,7614180
23-05-2013,235.11,235.48,215.45,217.62,11691860
22-05-2013,237.6,240.3,234.73,236.43,3085830
21-05-2013,242.48,242.89,235.3,236.11,4284980
20-05-2013,243.01,246.93,240.3,241.32,3389260
17-05-2013,241.51,243.6,238.8,242.46,3267210
16-05-2013,238.1,243.89,237.2,241.48,3415140
15-05-2013,231,239.7,230.76,238.45,5379500
14-05-2013,227.8,231.7,226.56,229.13,3494130
13-05-2013,230.5,231.65,227.14,227.83,2572360
11-05-2013,229.78,231.49,229.22,230.59,224350
10-05-2013,228.5,232.31,228.5,229.38,3467070
09-05-2013,225.7,232.43,224.43,229.44,5334760
08-05-2013,226.02,227,223.25,225.36,2467260
07-05-2013,222.3,226.39,222.2,225.64,2948430
06-05-2013,220.6,223.19,218.32,222.53,3970210
03-05-2013,229.3,229.3,221,221.66,7013160
02-05-2013,227.5,232.55,226.87,229.94,3224920
30-04-2013,228,229.2,222.5,226.42,3183600
29-04-2013,230.03,230.99,226.22,227.25,2111460
26-04-2013,233.2,233.2,228.01,228.96,1924670
25-04-2013,230.56,233.9,229.46,233.11,3053270
23-04-2013,233.8,234.2,226.62,228.67,3667120
22-04-2013,230.53,233.67,230.53,232.4,2764660
18-04-2013,225.12,230.82,223.46,229.4,3661080
17-04-2013,219.4,226.7,219.3,224.45,3505540
16-04-2013,214.8,218.99,214,218.19,3000090
15-04-2013,206.5,215.47,206.22,214.47,3599430
12-04-2013,204.2,209.3,202.4,208.21,3136910
11-04-2013,203.2,204.99,200.8,204.17,3180160
10-04-2013,200,202.62,197.61,202.1,4104900
09-04-2013,204.13,206.5,197.9,198.71,4104350
08-04-2013,205.63,207.24,203.1,203.4,2252090
05-04-2013,206.42,208.5,204.31,205.63,2885890
04-04-2013,209.2,209.8,206,206.61,2985310
03-04-2013,214.18,215.7,209.12,210.73,3262210
02-04-2013,208.4,214.64,207.62,214.01,2969910
01-04-2013,208.99,209.8,206.8,209.06,2145680
28-03-2013,204.5,208,203.18,207.28,3009170
26-03-2013,204.8,206.9,202.54,205.14,3364510
25-03-2013,212.48,212.49,205.38,205.85,3767030
22-03-2013,212.74,213,207.57,208.39,4164790
21-03-2013,212.23,215.87,208.11,212.01,6565200
20-03-2013,219.8,220.99,211,211.78,5005320
19-03-2013,226.1,227,217.5,220.3,6905180
18-03-2013,223.88,225.8,223.31,224.85,3087530
15-03-2013,226.2,227.25,223.73,226.17,4570670
14-03-2013,218,226.36,216.5,225.59,6692140
13-03-2013,219.8,221.48,217.11,217.93,3770360
12-03-2013,221.5,222.68,218.1,220.13,3963160
11-03-2013,220.97,222.1,219.4,220.52,2868260
08-03-2013,217.8,221.5,217.5,220.41,3497880
07-03-2013,216.39,217.5,214.49,216.85,2520440
06-03-2013,214.4,217.29,213.7,216.62,3399860
05-03-2013,211.4,213.84,208.26,213.06,3812300
04-03-2013,208.8,210.66,207.61,209.82,2742700
01-03-2013,208.7,210.9,206.5,208.93,5095160
28-02-2013,223.47,223.6,205.56,208.54,9223400
27-02-2013,220.86,223.28,219.72,221.39,2369700
26-02-2013,221.09,221.61,218.9,219.9,3376500
25-02-2013,221.5,223.94,220.18,222.09,3447750
22-02-2013,221.5,222.52,219.01,219.65,3386350
21-02-2013,224,224.2,220,221,3558270
20-02-2013,228.24,228.8,224.62,225.14,3094650
19-02-2013,226.6,228.08,223.81,227.37,2692310
18-02-2013,223.59,226.7,223.41,225.98,2331080
15-02-2013,220.7,224.75,220.42,223.33,3881970
14-02-2013,225.49,226.9,217.71,221.44,10432420
13-02-2013,230.14,232.26,224.1,225.51,4305910
12-02-2013,230.3,230.79,227.9,229.72,2971250
11-02-2013,228.9,231.16,227.73,229.46,2800420
08-02-2013,232.5,234.37,227.6,228.64,3749000
07-02-2013,233.49,236.44,231.97,232.71,2944780
06-02-2013,238.32,238.79,234.5,235.1,2291910
05-02-2013,234.78,237.4,233.01,236.52,3983850
04-02-2013,242.1,242.65,234.51,235.19,3471130
01-02-2013,243.1,245.17,240,240.99,2712200
31-01-2013,243.2,245.61,241.64,243.66,3854630
30-01-2013,247.96,248.6,242.66,243.54,4285910
29-01-2013,248.95,253.2,245.31,245.73,8840320
28-01-2013,252.47,253.41,248.11,249.02,3262130
25-01-2013,246.33,252.2,244.9,251.33,2870210
24-01-2013,248.29,248.4,244.21,245.84,2307130
23-01-2013,246.65,249,245.16,248.03,2718000
22-01-2013,248.72,250.89,245.5,246.44,2457690
21-01-2013,249.6,251.06,249,249.78,1835720
18-01-2013,248.5,251.5,247.84,249.12,3396760
17-01-2013,242.77,247.9,242.2,246.84,2899320
16-01-2013,247.76,249.5,242.43,243.29,2735750
15-01-2013,250.8,251.77,247.1,248.89,2674360
14-01-2013,249.13,252,247.5,249.83,4626650
11-01-2013,254.23,254.9,248.23,249.1,2737570
10-01-2013,253.65,255,252.24,253.92,3994680
09-01-2013,249.33,253.59,249.33,252.17,3906010
08-01-2013,246.8,250,246.14,249.35,3875460
07-01-2013,248.9,249.78,246.11,246.7,2275850
04-01-2013,245.7,249.14,245.2,248.48,2851070
03-01-2013,245.47,248.22,243.52,247.1,4142380
02-01-2013,244.73,246.24,244,244.81,2340170
01-01-2013,240.1,243.4,239.75,242.6,3863620
31-12-2012,237,239.59,236.76,238.38,1847010
28-12-2012,238,239.89,236.82,237.78,2059890
27-12-2012,236.86,239.62,236.55,238.88,3103950
26-12-2012,233.35,237.9,232.4,237.12,3754030
24-12-2012,234.4,235.89,232.43,232.83,2442020
21-12-2012,235.5,237.6,232.8,233.37,2989980
20-12-2012,236.62,239.83,234.2,238.01,3712060
19-12-2012,238.22,240.77,236,236.89,3175090
18-12-2012,235,237.88,228.1,237.14,9702850
17-12-2012,231.8,234.84,231.19,234.35,3617870
14-12-2012,226.5,232.8,225.38,232.02,4511560
13-12-2012,231,232.4,225.54,226.18,3261450
12-12-2012,231.38,231.99,228.53,229.48,3612410
11-12-2012,232.73,233.84,228.26,230.37,3841500
10-12-2012,232,232.6,230.13,231.95,2464680
07-12-2012,231.54,233.8,229.8,231.09,4902010
06-12-2012,228.1,232,224.21,230.73,4861380
05-12-2012,224.6,228.2,224.53,226.92,3834390
04-12-2012,220.53,224.8,220.5,223.83,4105400
03-12-2012,218,221.2,217.1,220.33,3300090
30-11-2012,214.99,218.66,214.55,217.01,4003170
29-11-2012,212.5,214.2,210.75,213.21,3014790
27-11-2012,210,212.3,209.51,211.22,2303970
26-11-2012,210.35,210.9,208.03,209.09,2768430
23-11-2012,211,211.15,207.51,208.97,3134090
22-11-2012,207.08,211.38,207,209.97,4082490
21-11-2012,207.28,207.5,204.4,206.07,3939930
20-11-2012,211.5,211.85,205.31,206.59,3764610
19-11-2012,211.9,212.18,208.53,209.5,3406160
16-11-2012,215.57,216.99,210.1,210.75,3546100
15-11-2012,215.48,218.16,214.01,215.34,3124200
13-11-2012,219.19,219.19,216,217.2,1125110
12-11-2012,216.5,219.49,212.57,219.07,7080250
09-11-2012,223.7,226.9,215.1,215.64,13012670
08-11-2012,218.97,226.7,218.13,224.36,6738720
07-11-2012,217.2,222.98,216.43,221.44,5632560
06-11-2012,213.44,217.68,213.16,217.29,3579330
05-11-2012,214.77,215.32,213,214.31,2676670
02-11-2012,213.6,215.88,212.62,215.25,3183080
01-11-2012,211,212.4,209.9,211.42,3005680
31-10-2012,207.6,211.48,205.81,210.96,5287610
30-10-2012,217.2,219.98,206.52,207.42,11651440
29-10-2012,217.5,220.38,216.1,217.04,4764940
26-10-2012,218.77,220.5,216.21,217.32,3965410
25-10-2012,224,224.9,219.75,220.18,3680130
23-10-2012,224.2,226.7,223.23,223.52,2911650
22-10-2012,222.6,225.99,222.53,224.19,2999160
19-10-2012,227.3,227.95,223.4,225.67,4058950
18-10-2012,222.57,228.39,220.76,227.67,5393330
17-10-2012,224.65,225.5,220.32,221.47,5089200
16-10-2012,227.44,228.47,222.4,222.9,3624360
15-10-2012,224.84,226.97,223.11,226.43,3564630
12-10-2012,227,229.29,224.3,225.06,4413290
11-10-2012,222.5,228.37,219.24,226.88,6537450
10-10-2012,226,226.47,222.12,222.72,3696510
09-10-2012,228.75,230.59,225.9,228.02,4257370
08-10-2012,233.8,233.9,226.2,226.99,4340700
05-10-2012,235.2,236.36,229.5,233.93,7988790
04-10-2012,230.53,234.8,230.53,234.48,4807030
03-10-2012,227.83,230,225.22,229.55,4784810
01-10-2012,224,227.8,223.95,226.93,3887570
28-09-2012,227,227.8,222.71,223.79,4642840
27-09-2012,223.5,226.46,223.08,224.66,5186330
26-09-2012,218.8,223.87,217.1,222.82,5857330
25-09-2012,221.22,224.6,217.16,219.72,5846540
24-09-2012,221.5,225.19,218.4,219.71,6832080
21-09-2012,213.3,224.1,213.3,221.26,8948740
20-09-2012,210.83,215.9,210.61,212.14,5526630
18-09-2012,207.88,216,206,215.07,8766830
17-09-2012,200.5,208.83,200.5,207.62,11965980
14-09-2012,191.5,197.5,191.35,197.06,7542750
13-09-2012,185.64,188.5,185.64,186.75,3107350
12-09-2012,187,187.5,184.51,185.89,3854750
11-09-2012,184.89,187.19,184.62,185.74,3548030
10-09-2012,190.28,190.4,185.55,186.13,3348590
08-09-2012,189.2,189.89,188.83,189.55,350320
07-09-2012,189.2,190,188.13,188.77,3627410
06-09-2012,182.85,186.4,182.85,185.28,4021790
05-09-2012,186.01,186.74,182.83,183.17,4226200
04-09-2012,186.2,187.88,185.18,187.23,3448980
03-09-2012,185.05,186.5,184.5,184.92,3310590
31-08-2012,184.1,186.48,182.93,184.5,5100780
30-08-2012,182.45,184.78,181.62,184.03,4296830
29-08-2012,184.64,185.68,182.51,182.93,4339220
28-08-2012,184.48,185.93,183.1,184.31,5453380
27-08-2012,189.39,189.9,184.03,184.6,4487300
24-08-2012,190,190.3,188.42,189.48,3441430
23-08-2012,191.6,192.99,190.11,191.25,4234970
22-08-2012,190.1,193.24,189.7,191.27,4770410
21-08-2012,190.26,191.77,188.82,191.39,3959970
17-08-2012,189.8,191.7,188.31,189.63,5898590
16-08-2012,192.4,192.4,189,189.37,5315480
14-08-2012,191.14,192.98,189.78,191.03,7365740
13-08-2012,189.5,191,186.01,190.58,9550590
10-08-2012,196.5,199.5,187.76,188.8,22836380
09-08-2012,206.5,207.94,196.81,197.2,9573900
08-08-2012,207.17,208.9,205.35,206.11,4705160
07-08-2012,202.3,207.14,201.23,205.93,6359770
06-08-2012,203.39,203.69,201.03,201.82,3158270
03-08-2012,199.37,201.4,197.52,200.56,4704620
02-08-2012,202.77,202.9,200.01,201.47,3567990
01-08-2012,201.39,204.46,200.6,203.27,5198760
31-07-2012,203.8,204.39,196.83,200.52,12338480
30-07-2012,196,203.9,194.13,203.11,8064780
27-07-2012,206.02,206.6,193.1,194.12,9555090
26-07-2012,207.6,208.29,200.9,201.72,4082020
25-07-2012,208.5,209.5,206.2,207.07,3499670
24-07-2012,209.6,211.4,208,209.48,4216920
23-07-2012,211.6,212.4,208.51,209.26,3922410
20-07-2012,215.5,217.39,212.9,213.46,4595970
19-07-2012,221.14,221.67,215.34,215.78,4335250
18-07-2012,219.3,220.14,216.31,218.6,4365290
17-07-2012,221.4,222.28,218.31,219.89,3258160
16-07-2012,218.4,221.5,217.93,219.45,3881780
13-07-2012,222.2,223.3,217.2,217.93,4072490
12-07-2012,220,223.5,219.41,221.69,4464370
11-07-2012,220.9,225.15,220.9,221.6,4637940
10-07-2012,221.5,223.36,221.14,222.22,2847290
09-07-2012,219.8,221.8,219.3,220.65,3243290
06-07-2012,223.1,223.6,220.61,221.8,3927960
05-07-2012,222.01,223.9,221.12,223.22,3734030
04-07-2012,219.4,223,219.11,222.43,5299000
03-07-2012,219.7,220.26,217.1,218.4,4211180
02-07-2012,216.5,219.48,216,217.96,4397250
29-06-2012,213.1,217.07,212.6,215.92,6244220
28-06-2012,212,212.4,207.7,209.55,5406170
27-06-2012,213,213.86,210.34,211.34,4479310
26-06-2012,211.1,213.25,210,211.61,6116330
25-06-2012,216.5,220,210.22,211.49,10523330
22-06-2012,214.8,218.48,212.92,215.68,8535310
21-06-2012,210.2,218.49,208.56,217.8,7882310
20-06-2012,211.47,212.7,209.71,211.67,5485660
19-06-2012,208.11,211.48,205.61,210.31,8671820
18-06-2012,221.8,223.18,208.22,208.77,12176020
15-06-2012,217,219.1,214.82,218.28,6783890
14-06-2012,221.5,221.84,214.86,215.43,7481300
13-06-2012,220.95,224.2,218.53,222.23,7176260
12-06-2012,215.3,221.29,213.41,220.69,10657930
11-06-2012,220,221.72,215.5,216.46,6046960
08-06-2012,215.7,219.28,213.04,218.01,6529210
07-06-2012,217.71,218.9,215.53,216.79,6367890
06-06-2012,209.51,216.9,209.51,215.95,6775950
05-06-2012,206.7,210.75,206.3,208.03,6954650
04-06-2012,199,205.4,197.5,204.62,7101250
01-06-2012,206.2,208.1,201.25,202.62,6167960
31-05-2012,207.2,209,203.85,205.56,6599790
30-05-2012,210.49,211.5,208.1,209.75,6109750
29-05-2012,212,214.85,210.4,212.03,9253780
28-05-2012,201.49,210.75,201.49,210.04,7574840
25-05-2012,196.87,201.5,195.42,200.5,6766740
24-05-2012,195.9,197.81,192.56,197.08,7762760
23-05-2012,193.19,197.25,191.94,195.65,8575160
22-05-2012,203.5,203.94,193.17,193.85,10205980
21-05-2012,196.9,202.7,196.3,200.74,7609680
18-05-2012,182,195.7,182,194.2,21122940
17-05-2012,184,186.2,182.29,184.81,7359170
16-05-2012,183.51,184.7,180.45,182.92,7495850
15-05-2012,182,187.2,182,186,6260770
14-05-2012,185.8,189.07,181.37,184.02,9391000
11-05-2012,183.52,188.47,182.01,185.22,10045070
10-05-2012,189.5,193.35,183.5,184.38,9898130
09-05-2012,193,195.48,188.07,188.76,9175380
08-05-2012,204,204.95,193,195.9,8083050
07-05-2012,193.6,203.76,188.1,202.62,9728110
04-05-2012,206.41,206.95,198.5,199.36,5911990
03-05-2012,213.1,213.1,207.66,208.52,5035860
02-05-2012,214.6,216.74,212.1,213.95,2968820
30-04-2012,214.69,216.99,212.68,213.8,3964370
28-04-2012,213.2,214,211.5,213.11,281710
27-04-2012,215.5,216.9,210.5,212.57,5937500
26-04-2012,218.5,218.77,213.76,215.92,4586990
25-04-2012,218.6,220.7,213.16,217.17,7434100
24-04-2012,219.5,222.21,217.54,218.85,4634450
23-04-2012,226.87,227.97,218.2,219.21,6500930
20-04-2012,226.6,228.75,223.8,226.05,5000340
19-04-2012,229.9,229.9,225.55,227.13,4479940
18-04-2012,232.33,233.9,227.7,228.96,4623450
17-04-2012,227.5,234.7,222.03,230,14602730
16-04-2012,221.98,227.27,221,226.54,4800340
13-04-2012,225.5,228.3,219.55,221.15,6700630
12-04-2012,217,222.87,217,222.41,6420840
11-04-2012,211.99,217.93,211.75,216.03,6171480
10-04-2012,211.2,215.8,209.44,215.1,4429240
09-04-2012,214.69,214.75,209.02,210.13,3518190
04-04-2012,214.99,218.4,213.71,216.43,3266660
03-04-2012,214.5,218.1,214.5,217.09,4244840
02-04-2012,209.65,213.87,209.65,212.94,4399610
30-03-2012,207.01,210.92,206.6,209.5,5381710
29-03-2012,205.11,207.99,204.77,206.16,4330280
28-03-2012,212.39,212.39,206.31,208.12,6105580
27-03-2012,215.5,217.04,209.79,212.98,9161800
26-03-2012,216.47,216.47,211.12,211.83,5471660
23-03-2012,217.33,220.5,212.87,216.53,9137580
22-03-2012,222.7,225.38,215.1,216.06,7747040
21-03-2012,218.21,223.99,217.54,223.36,5791670
20-03-2012,215.99,220.2,214,218.42,6625870
19-03-2012,222.53,223.89,215.04,215.97,5544940
16-03-2012,229.98,235.5,221.8,222.8,11990980
15-03-2012,235.6,236.69,228.66,229.95,7636390
14-03-2012,236.7,237.4,233,235.15,4993150
13-03-2012,234.1,235,231.56,232.77,3960410
12-03-2012,230.51,232,228.03,231.03,6890730
09-03-2012,218.7,223.5,218.7,222.23,4890610
07-03-2012,213.7,216.45,210.58,214.11,9110430
06-03-2012,215.2,226.2,211.65,215.1,11730710
05-03-2012,223.21,224,216.5,217.42,5183710
03-03-2012,224.6,225.8,224.4,225.08,415850
02-03-2012,222.5,227.99,218.53,224.57,9020300
01-03-2012,223.2,223.6,218.63,221.98,5785400
29-02-2012,226.68,228.62,222.24,224.34,8651720
28-02-2012,215,225.25,213.21,222.96,10701460
27-02-2012,221.22,221.96,211.42,212.51,6822370
24-02-2012,227.95,230.44,219.5,220.68,8413570
23-02-2012,225.5,232.1,224.7,226.13,9342600
22-02-2012,245.8,247,224.2,225.78,12696220
21-02-2012,241.9,247.48,241.6,245.18,6439470
17-02-2012,237.7,246.63,237.7,241.68,10063750
16-02-2012,224.77,237.01,222.85,234.91,10381280
15-02-2012,222.87,225.57,222.2,225.05,7407730
14-02-2012,213.1,221.72,213.1,219.85,8860330
13-02-2012,217.37,218.1,209.7,212.9,13067550
10-02-2012,219.3,220.74,215.1,217.25,6132890
09-02-2012,216,219.14,215.72,218.2,5693900
08-02-2012,216.51,218.9,214.45,217.54,7830900
07-02-2012,217.5,218.59,214.26,215.21,6093990
06-02-2012,213.5,218.68,213.5,216.31,7306950
03-02-2012,206.51,211.8,203.71,210.31,7475960
02-02-2012,209.7,211.3,197.51,207.27,11757400
01-02-2012,205.4,208.7,204.2,207.71,8148670
31-01-2012,202.1,207.19,201.9,206.11,6952070
30-01-2012,200.7,205.86,197.8,199.07,4723180
27-01-2012,206.57,206.8,201.9,204.26,4283210
25-01-2012,205.44,208.38,204,205.66,6268240
24-01-2012,193.11,205.68,192.61,204.13,15430040
23-01-2012,193.88,196.52,192.11,194.07,4197340
20-01-2012,189.8,194.23,189.33,193.18,6584110
19-01-2012,188.2,191.1,187.3,188.37,3516050
18-01-2012,184.6,187.05,180,186.36,5645080
17-01-2012,183.81,187.15,183,184.29,5017460
16-01-2012,176,183.48,174.86,181.67,5004070
13-01-2012,177.8,179.99,177.04,177.72,5619260
12-01-2012,173,177.49,171.99,176.07,5801500
11-01-2012,170.67,173.34,169.44,172.58,5271900
10-01-2012,165.1,170.85,165.1,170.21,5944420
09-01-2012,166,166.3,162.51,163.78,5663960
07-01-2012,167.33,168.8,166.25,166.98,667220
06-01-2012,167,170.59,165.81,167.62,4986150
05-01-2012,169.5,171.9,168.09,169.17,5052400
04-01-2012,171.5,171.5,167.6,169.52,5907860
03-01-2012,164.8,171,164.3,170.65,5937080
02-01-2012,162.52,163.6,161.15,162.97,3699470
30-12-2011,163.84,164.94,160.6,161.95,5908190
29-12-2011,159.8,163.39,159.03,162.71,6629880
28-12-2011,162.53,163.48,160.1,160.97,4342030
27-12-2011,166.9,166.9,163.53,164.29,4215820
26-12-2011,164.2,167.5,164.2,166.47,4821050
23-12-2011,167.7,169.13,163.74,164.84,8888960
22-12-2011,161.4,167.72,158.85,166.85,10541240
21-12-2011,162.3,163.29,159.66,162.31,7958780
20-12-2011,163.2,164.9,157.6,158.28,9832060
19-12-2011,166.89,166.89,160.4,163.16,9791870
16-12-2011,175.39,178.25,166.7,168.05,14302150
15-12-2011,175.5,177.2,173.4,174.45,10136770
14-12-2011,178.4,183.9,177.02,178.47,14441170
13-12-2011,175.9,180.29,174.81,178.72,8744300
12-12-2011,188.1,189.58,176.5,177.31,10456120
09-12-2011,182.99,188.5,181.91,186.4,9502250
08-12-2011,193.7,193.75,186,186.59,7202270
07-12-2011,191.2,195.18,191.02,193.67,6688030
05-12-2011,188.2,191.44,187.02,190.86,6529020
02-12-2011,182.2,189.78,180.2,188.65,7927180
01-12-2011,181.2,185.35,180.73,181.93,5523780
30-11-2011,174.8,178.8,172.81,176.29,9163160
29-11-2011,178.5,179.8,174.7,175.65,6722730
28-11-2011,172.5,178.51,171.5,177.69,6198640
25-11-2011,164.78,169.81,163.51,169.07,10722720
24-11-2011,165.7,166.98,162.91,165.33,7114360
23-11-2011,167,167.19,162.93,165.43,7733120
22-11-2011,168,170.98,166.49,168.87,6505610
21-11-2011,172.39,172.44,165.72,167.31,7344390
18-11-2011,175.5,176.59,170.3,172.55,8812640
17-11-2011,176.37,180,174.62,175.75,8414980
16-11-2011,172.97,177.68,171.7,176.49,9493550
15-11-2011,174.6,176.4,171.95,172.99,8571360
14-11-2011,182.6,182.8,174.14,175.31,7894780
11-11-2011,186,186.55,178.22,179.77,15271350
09-11-2011,201.42,201.83,185.26,186.25,26831370
08-11-2011,197.13,200.44,196.01,199.76,4863210
04-11-2011,195.77,198.18,195.31,196.43,5151640
03-11-2011,190.2,194.2,190,193.45,5107110
02-11-2011,188.5,192.49,188.44,190.9,4153690
01-11-2011,189.4,192,188.57,190.22,4653740
31-10-2011,191.9,192.29,187.81,190.67,5547770
28-10-2011,192.21,192.99,189.3,190.7,5116900
26-10-2011,185.8,187.1,185.3,186.7,2269240
25-10-2011,192,196,182.88,184.05,15468070
24-10-2011,197.5,198.95,188.43,190.76,7290190
21-10-2011,194.04,196.7,193.6,194.86,5248820
20-10-2011,189.27,193.97,188.72,193.45,5889730
19-10-2011,188.99,192.49,188.6,191.91,3868320
18-10-2011,187.07,188.08,183.7,186.34,6599510
17-10-2011,190,193.14,188.3,189.18,5789630
14-10-2011,187.4,190.39,186.99,188.25,5197750
13-10-2011,188.2,193.24,187.5,188.7,10401310
12-10-2011,178,188.13,175.65,187.23,12530810
11-10-2011,177.3,180.5,175.23,176.51,10153000
10-10-2011,176,176.54,172.22,175.46,9387440
07-10-2011,176.3,177.19,174.4,175.19,6784000
05-10-2011,180.4,181.36,170.86,171.53,16255490
04-10-2011,185.17,187.34,175.14,178.67,13061730
03-10-2011,188.49,189,185.37,186.28,4733900
30-09-2011,193.32,193.6,190.51,191.11,5394560
29-09-2011,195.4,196.1,191.36,195.01,5347530
28-09-2011,200.9,201.1,196.22,196.87,4775910
27-09-2011,198.6,200.59,197.66,199.62,4398540
26-09-2011,195.56,197,192.41,195.12,6276280
23-09-2011,191.51,198.29,189.06,195.55,10382170
22-09-2011,196.99,197.4,192.5,193.55,6527480
21-09-2011,199.2,202.47,199.01,200.68,7133690
20-09-2011,192,200,190.3,198.91,6321220
19-09-2011,192.97,193.19,190.59,191.66,4210780
16-09-2011,191.5,195.77,188.01,194.56,13710450
15-09-2011,184.68,190.42,183.31,189.82,9065410
14-09-2011,184,185.6,181.29,183.15,8653350
13-09-2011,188,190.29,182.28,184.01,8905890
12-09-2011,193.27,193.27,186.13,186.92,8073730
09-09-2011,203.1,204.9,194.55,195.49,7330170
08-09-2011,203.55,204.4,201.17,202.97,4901570
07-09-2011,198.37,204.29,198.37,202.82,5590180
06-09-2011,199.2,199.74,193.41,198,6576370
05-09-2011,197.4,201.17,196.55,200,4398620
02-09-2011,199,202.26,196,199.39,5648010
30-08-2011,197.3,198.35,192.26,197.45,6580970
29-08-2011,192.87,195,191.24,193.83,4568320
26-08-2011,196.44,197.36,187.2,188.88,7815440
25-08-2011,200.01,200.93,195.4,196.54,7734480
24-08-2011,206.7,208.21,198.1,199.22,7922220
23-08-2011,207.9,208.2,203.8,206.5,4296050
22-08-2011,204.67,207.4,200.75,206.15,5570690
19-08-2011,205.9,210.98,202.61,203.99,7651630
18-08-2011,218.4,218.6,206.83,207.76,7143730
17-08-2011,220.3,223.46,216.73,217.49,5080110
16-08-2011,218.4,224.5,216.53,219.84,7008520
12-08-2011,227.52,227.68,214.95,219.35,6675790
11-08-2011,226.74,228.45,224.23,225.03,3541360
10-08-2011,227.5,228.59,225.56,227.09,3032240
09-08-2011,216.6,228.8,215.99,223.06,7874550
08-08-2011,218.41,226.46,218,221.83,4382280
05-08-2011,220.9,224.48,218.05,223.29,4767980
04-08-2011,229.05,231,225.11,225.74,2936290
03-08-2011,225.69,228.85,224.63,227.9,3022310
02-08-2011,233.1,233.85,226.84,227.68,3384550
01-08-2011,236.69,238.39,232.83,234.43,2309330
29-07-2011,235.53,237.7,233.5,234.2,3133370
28-07-2011,237.9,239.5,234.81,235.65,3059740
27-07-2011,244.47,244.47,238.15,240.33,3877320
26-07-2011,251.21,252.95,243,244.18,5062030
25-07-2011,249,252.4,247.23,251.37,2361300
22-07-2011,247,250.2,246.1,249.41,2617250
21-07-2011,247,248.1,244.4,245.23,2690900
20-07-2011,252.51,252.84,246.3,247.23,2702920
19-07-2011,246.5,251.58,246.5,251.16,3348620
18-07-2011,246.82,248.31,245.56,247.23,1888590
15-07-2011,246.64,249.9,246.28,247.1,2399660
14-07-2011,242.39,248.69,241.4,246.64,3879740
13-07-2011,241.21,244.1,241.21,243.25,2458440
12-07-2011,240.55,242.49,238.55,240.03,3493910
11-07-2011,245.8,247,242.2,243.09,2719850
08-07-2011,248.5,251.5,245.72,247.87,4453010
07-07-2011,244.59,248.2,242.83,247.59,3061920
06-07-2011,246.73,247.5,243.7,244.31,2656290
05-07-2011,243.8,247.7,240.94,247.17,4861040
04-07-2011,244,244.96,242.5,243.35,2246930
01-07-2011,241.98,243,238.55,242.11,5027070
30-06-2011,238.54,243,238.54,240.6,4537190
29-06-2011,235,238.5,234.62,238.05,3355320
28-06-2011,233.3,234.85,232.01,233.82,3461180
27-06-2011,227.57,232.91,226.16,232.47,5320230
24-06-2011,217.63,229.89,217.5,228.82,6755120
23-06-2011,213,216.9,213,215.96,2371180
22-06-2011,216.2,216.6,212.36,214.11,3564140
21-06-2011,219.5,221.1,214.26,214.98,4223260
20-06-2011,221.9,222.3,212.3,217.98,3840580
17-06-2011,221.71,222.29,219,221.11,3635620
16-06-2011,217,222.5,216.1,220.58,7281840
15-06-2011,223.56,223.74,217.7,218.2,5892610
14-06-2011,222.3,224.65,222.17,223.4,2908870
13-06-2011,223.9,224.23,221.2,222.01,4211470
10-06-2011,226.91,227.56,222.63,224.3,4691560
09-06-2011,229.31,231,225.68,226.32,5532570
08-06-2011,231.24,232.49,228.82,229.33,3716720
07-06-2011,231,233.59,230.5,231.66,2967910
06-06-2011,230.1,231.88,227.12,231.17,4198200
03-06-2011,233.4,235.7,230.42,231.28,3567470
02-06-2011,230.77,234.99,229.51,233.3,4740460
01-06-2011,230.8,233.99,230.1,232.97,4810690
31-05-2011,225.03,230.47,224.9,229.78,4391510
30-05-2011,224.27,225.4,221.51,223.6,4109950
27-05-2011,220.14,224.1,220.1,223.45,4292140
26-05-2011,218.2,221.37,216.85,218.89,7478570
25-05-2011,221.89,222.91,216.5,217.58,9486830
24-05-2011,224.98,226.92,221.51,222.16,7161740
23-05-2011,231.68,231.68,224.4,225.29,4907500
20-05-2011,231.3,235.74,231.17,232.21,5593020
19-05-2011,236.2,237.87,232,232.76,6186820
18-05-2011,239.4,239.8,233.12,235.57,14017890
17-05-2011,262.44,262.8,240.1,241.36,24969280
16-05-2011,263.7,265.68,261.05,261.73,5042940
13-05-2011,264.48,267.99,261.62,264.91,5056880
12-05-2011,265.7,267.75,263.17,264.29,4728000
11-05-2011,263.99,268.89,261.23,267.48,5014430
10-05-2011,261.92,263.9,260.77,262.81,3348530
09-05-2011,265.5,266.5,260.23,262.35,2712950
06-05-2011,260.5,265.9,260.5,264.3,3243230
05-05-2011,261.57,264.37,258.8,260.26,5048820
04-05-2011,259.28,264.25,256.4,261.74,6223330
03-05-2011,268.37,272.72,257.52,258.31,14534880
02-05-2011,281.15,281.96,268.22,269.17,5543160
29-04-2011,285.7,286.87,278.35,280.56,3181920
28-04-2011,293.3,293.3,284.5,285.9,3032590
27-04-2011,294.27,295.49,290.12,291.03,3366460
26-04-2011,292.44,294.97,288.8,293.43,3265510
25-04-2011,287.01,295.99,287,291.94,2320570
21-04-2011,281.9,287.35,281.01,286.04,3930070
20-04-2011,275.48,280.2,273.1,279.51,4346760
19-04-2011,276.05,276.8,272.05,273.86,2817540
18-04-2011,281.19,284.39,274.8,275.3,2833070
15-04-2011,282.2,284.9,279.3,280.33,2974720
13-04-2011,276.51,282.89,275.81,281.94,3294780
11-04-2011,277.2,279.49,276.5,277.91,2220520
08-04-2011,280.36,282.45,276.17,277.9,3032340
07-04-2011,279.57,282.89,277.56,280.84,3322350
06-04-2011,279.8,282.27,277.55,279.68,3706110
05-04-2011,278.14,279.9,274.24,279.39,3907970
04-04-2011,273.2,277.17,272.8,276.24,3201590
01-04-2011,277.2,277.39,270.7,271.95,4901810
31-03-2011,287.81,288.8,275.53,276.79,5102700
30-03-2011,277.62,288.1,277.62,285.93,5419270
29-03-2011,273.7,279.2,273.7,276.87,3334450
28-03-2011,270.02,275.9,270,274.73,4196730
25-03-2011,266.59,271.54,264.81,270.95,3333070
24-03-2011,265.03,266.62,263.37,265.17,1939900
23-03-2011,261.5,264.95,259.65,264.67,3515170
22-03-2011,259.67,263.18,259.35,262.1,3296360
21-03-2011,260.87,261.4,257.01,258.27,2871850
18-03-2011,264.5,264.5,258.04,259.07,3786400
17-03-2011,262.93,266.9,260.86,261.81,5319000
16-03-2011,257.6,265.4,257.6,264.29,3874930
15-03-2011,256.24,258.5,252.36,256.35,4303370
14-03-2011,256.9,260.5,256.7,260.01,2942670
11-03-2011,257.5,259.69,255.81,257.16,4647610
10-03-2011,261.8,261.8,257.9,258.97,4097720
09-03-2011,266,266.4,261.81,263.26,4314800
08-03-2011,262.46,265.5,262.46,264.46,2877030
07-03-2011,268.02,268.02,261.26,262.28,4619280
04-03-2011,271.01,272.8,269.3,270.02,6496700
03-03-2011,269.38,272.1,265.81,269,7175100
01-03-2011,265.1,271.99,264.8,270.69,5358840
28-02-2011,259.15,266,258.51,263.2,8087200
25-02-2011,254.31,261.74,253.17,258.39,8307310
24-02-2011,262.38,263.99,251.5,253.1,8824690
23-02-2011,271.31,272,261.69,262.23,6228660
22-02-2011,277.03,277.7,271.73,272.71,4944740
21-02-2011,275.66,279.9,274.4,279.15,4293420
18-02-2011,278.5,281.34,273.85,275.53,6281420
17-02-2011,275.1,278.75,274.07,277.94,4049090
16-02-2011,273.8,276.7,272.34,275.3,3712250
15-02-2011,270.7,275.39,267.11,272.84,6973050
14-02-2011,261.87,269.89,260.7,269.12,4481150
11-02-2011,249.79,259.25,248.66,258.47,5519390
10-02-2011,257.8,258.5,247.86,249.67,7750560
09-02-2011,263.12,263.51,257.65,259.09,6271280
08-02-2011,267,268.48,262.3,263.87,5775690
07-02-2011,266,268.75,263.6,266.27,4143400
04-02-2011,265.2,269.28,262.85,264.67,6554350
03-02-2011,257.5,265.91,256.1,265.26,6363560
02-02-2011,262.5,263.4,255.87,257.34,7047260
01-02-2011,265.19,266,258.7,259.58,8744250
31-01-2011,258.02,266.25,257.08,264.11,6795190
28-01-2011,264.9,267.47,259.12,261.86,7910800
27-01-2011,268.84,271.15,264.2,265.37,4387520
25-01-2011,270.53,273.76,267.08,267.93,12208090
24-01-2011,263.51,270.5,263.51,269.31,7290190
21-01-2011,253,260.7,252.21,259.8,6745130
20-01-2011,249.7,254.36,246.88,253.49,7903010
19-01-2011,256.26,256.8,249.4,250.87,6744710
18-01-2011,252.49,256.18,252.49,255.64,3489640
17-01-2011,250.69,253.38,249.05,251.65,5069870
14-01-2011,256.5,258.8,249,250.23,8380920
13-01-2011,267.11,267.4,255.43,256.07,9129430
12-01-2011,262.87,268.7,257,266.48,10963260
11-01-2011,254.87,262.8,253,261.18,10008370
10-01-2011,260.4,263.52,253.5,254.78,9793170
07-01-2011,262.14,264.29,257.22,259.99,12715050
06-01-2011,271.23,271.7,261.42,262.52,9859720
05-01-2011,273.4,273.45,268.61,269.73,7256950
04-01-2011,283.43,283.43,272.74,273.36,7351980
03-01-2011,283.01,285.25,281.5,282.09,3163340
